ticker,cik,filing_date,form,accession_number,primary_document,filing_url
AAPL,0000320193,2026-02-24,8-K,0001140361-26-006577,ef20060722_8k.htm,https://www.sec.gov/Archives/edgar/data/320193/000114036126006577/ef20060722_8k.htm
AAPL,0000320193,2026-01-29,8-K,0000320193-26-000005,aapl-20260129.htm,https://www.sec.gov/Archives/edgar/data/320193/000032019326000005/aapl-20260129.htm
AAPL,0000320193,2026-01-02,8-K,0001140361-26-000199,ef20060722_8k.htm,https://www.sec.gov/Archives/edgar/data/320193/000114036126000199/ef20060722_8k.htm
AAPL,0000320193,2025-12-05,8-K,0001140361-25-044561,ef20060722_8k.htm,https://www.sec.gov/Archives/edgar/data/320193/000114036125044561/ef20060722_8k.htm
AAPL,0000320193,2025-10-30,8-K,0000320193-25-000077,aapl-20251030.htm,https://www.sec.gov/Archives/edgar/data/320193/000032019325000077/aapl-20251030.htm
AAPL,0000320193,2025-07-31,8-K,0000320193-25-000071,aapl-20250731.htm,https://www.sec.gov/Archives/edgar/data/320193/000032019325000071/aapl-20250731.htm
AAPL,0000320193,2025-07-25,8-K,0001140361-25-027340,ef20052355_8k.htm,https://www.sec.gov/Archives/edgar/data/320193/000114036125027340/ef20052355_8k.htm
AAPL,0000320193,2025-07-09,8-K,0001140361-25-025275,ef20051741_8k.htm,https://www.sec.gov/Archives/edgar/data/320193/000114036125025275/ef20051741_8k.htm
AAPL,0000320193,2025-05-12,8-K,0001140361-25-018400,ef20048691_8k.htm,https://www.sec.gov/Archives/edgar/data/320193/000114036125018400/ef20048691_8k.htm
AAPL,0000320193,2025-05-01,8-K,0000320193-25-000055,aapl-20250501.htm,https://www.sec.gov/Archives/edgar/data/320193/000032019325000055/aapl-20250501.htm
AAPL,0000320193,2025-02-25,8-K,0001140361-25-005876,ef20044022_8k.htm,https://www.sec.gov/Archives/edgar/data/320193/000114036125005876/ef20044022_8k.htm
AAPL,0000320193,2025-01-30,8-K,0000320193-25-000007,aapl-20250130.htm,https://www.sec.gov/Archives/edgar/data/320193/000032019325000007/aapl-20250130.htm
AAPL,0000320193,2025-01-03,8-K,0001140361-25-000228,ef20040370_8k.htm,https://www.sec.gov/Archives/edgar/data/320193/000114036125000228/ef20040370_8k.htm
AAPL,0000320193,2024-10-31,8-K,0000320193-24-000120,aapl-20241031.htm,https://www.sec.gov/Archives/edgar/data/320193/000032019324000120/aapl-20241031.htm
AAPL,0000320193,2024-09-10,8-K,0001140361-24-040659,ef20035718_8k.htm,https://www.sec.gov/Archives/edgar/data/320193/000114036124040659/ef20035718_8k.htm
AAPL,0000320193,2024-08-26,8-K,0001140361-24-038601,ny20033611x3_8k.htm,https://www.sec.gov/Archives/edgar/data/320193/000114036124038601/ny20033611x3_8k.htm
AAPL,0000320193,2024-08-23,8-K,0001140361-24-038403,ny20033611x2_8k.htm,https://www.sec.gov/Archives/edgar/data/320193/000114036124038403/ny20033611x2_8k.htm
AAPL,0000320193,2024-08-01,8-K,0000320193-24-000080,aapl-20240801.htm,https://www.sec.gov/Archives/edgar/data/320193/000032019324000080/aapl-20240801.htm
AAPL,0000320193,2024-05-03,8-K,0001140361-24-024352,ef20028273_8k.htm,https://www.sec.gov/Archives/edgar/data/320193/000114036124024352/ef20028273_8k.htm
AAPL,0000320193,2024-05-02,8-K,0000320193-24-000067,aapl-20240502.htm,https://www.sec.gov/Archives/edgar/data/320193/000032019324000067/aapl-20240502.htm
AAPL,0000320193,2024-02-28,8-K,0001140361-24-010155,ny20022580x1_8k.htm,https://www.sec.gov/Archives/edgar/data/320193/000114036124010155/ny20022580x1_8k.htm
AAPL,0000320193,2024-02-01,8-K,0000320193-24-000005,aapl-20240201.htm,https://www.sec.gov/Archives/edgar/data/320193/000032019324000005/aapl-20240201.htm
AAPL,0000320193,2023-11-02,8-K,0000320193-23-000104,aapl-20231102.htm,https://www.sec.gov/Archives/edgar/data/320193/000032019323000104/aapl-20231102.htm
AAPL,0000320193,2023-08-03,8-K,0000320193-23-000075,aapl-20230803.htm,https://www.sec.gov/Archives/edgar/data/320193/000032019323000075/aapl-20230803.htm
AAPL,0000320193,2023-05-10,8-K,0001140361-23-023909,ny20007635x4_8k.htm,https://www.sec.gov/Archives/edgar/data/320193/000114036123023909/ny20007635x4_8k.htm
AAPL,0000320193,2023-05-04,8-K,0000320193-23-000063,aapl-20230504.htm,https://www.sec.gov/Archives/edgar/data/320193/000032019323000063/aapl-20230504.htm
AAPL,0000320193,2023-03-10,8-K,0001140361-23-011192,brhc10049413_8k.htm,https://www.sec.gov/Archives/edgar/data/320193/000114036123011192/brhc10049413_8k.htm
AAPL,0000320193,2023-02-02,8-K,0000320193-23-000005,aapl-20230202.htm,https://www.sec.gov/Archives/edgar/data/320193/000032019323000005/aapl-20230202.htm
AAPL,0000320193,2022-11-07,8-K,0001193125-22-278435,d400465d8k.htm,https://www.sec.gov/Archives/edgar/data/320193/000119312522278435/d400465d8k.htm
AAPL,0000320193,2022-10-27,8-K,0000320193-22-000107,aapl-20221027.htm,https://www.sec.gov/Archives/edgar/data/320193/000032019322000107/aapl-20221027.htm
AAPL,0000320193,2022-08-19,8-K,0001193125-22-225365,d366128d8k.htm,https://www.sec.gov/Archives/edgar/data/320193/000119312522225365/d366128d8k.htm
AAPL,0000320193,2022-08-08,8-K,0001193125-22-214914,d297151d8k.htm,https://www.sec.gov/Archives/edgar/data/320193/000119312522214914/d297151d8k.htm
AAPL,0000320193,2022-07-28,8-K,0000320193-22-000069,aapl-20220728.htm,https://www.sec.gov/Archives/edgar/data/320193/000032019322000069/aapl-20220728.htm
AAPL,0000320193,2022-04-28,8-K,0000320193-22-000058,aapl-20220428.htm,https://www.sec.gov/Archives/edgar/data/320193/000032019322000058/aapl-20220428.htm
AAPL,0000320193,2022-03-04,8-K,0001193125-22-066169,d294699d8k.htm,https://www.sec.gov/Archives/edgar/data/320193/000119312522066169/d294699d8k.htm
AAPL,0000320193,2022-01-27,8-K,0000320193-22-000006,aapl-20220127.htm,https://www.sec.gov/Archives/edgar/data/320193/000032019322000006/aapl-20220127.htm
AAPL,0000320193,2021-11-12,8-K,0001193125-21-328151,d259993d8k.htm,https://www.sec.gov/Archives/edgar/data/320193/000119312521328151/d259993d8k.htm
AAPL,0000320193,2021-10-28,8-K,0000320193-21-000104,aapl-20211028.htm,https://www.sec.gov/Archives/edgar/data/320193/000032019321000104/aapl-20211028.htm
AAPL,0000320193,2021-08-05,8-K,0001193125-21-237787,d199884d8k.htm,https://www.sec.gov/Archives/edgar/data/320193/000119312521237787/d199884d8k.htm
AAPL,0000320193,2021-07-27,8-K,0000320193-21-000063,aapl-20210727.htm,https://www.sec.gov/Archives/edgar/data/320193/000032019321000063/aapl-20210727.htm
AAPL,0000320193,2021-04-28,8-K,0000320193-21-000055,aapl-20210428.htm,https://www.sec.gov/Archives/edgar/data/320193/000032019321000055/aapl-20210428.htm
AAPL,0000320193,2021-02-24,8-K,0001193125-21-054710,d101693d8k.htm,https://www.sec.gov/Archives/edgar/data/320193/000119312521054710/d101693d8k.htm
AAPL,0000320193,2021-02-08,8-K,0001193125-21-032394,d70217d8k.htm,https://www.sec.gov/Archives/edgar/data/320193/000119312521032394/d70217d8k.htm
AAPL,0000320193,2021-01-27,8-K,0000320193-21-000009,aapl-20210127.htm,https://www.sec.gov/Archives/edgar/data/320193/000032019321000009/aapl-20210127.htm
AAPL,0000320193,2021-01-05,8-K,0001193125-21-001982,d29637d8k.htm,https://www.sec.gov/Archives/edgar/data/320193/000119312521001982/d29637d8k.htm
AAPL,0000320193,2020-10-29,8-K,0000320193-20-000094,aapl-20201029.htm,https://www.sec.gov/Archives/edgar/data/320193/000032019320000094/aapl-20201029.htm
AAPL,0000320193,2020-08-20,8-K,0001193125-20-225672,d937363d8k.htm,https://www.sec.gov/Archives/edgar/data/320193/000119312520225672/d937363d8k.htm
AAPL,0000320193,2020-08-07,8-K,0001193125-20-213158,d49399d8k.htm,https://www.sec.gov/Archives/edgar/data/320193/000119312520213158/d49399d8k.htm
AAPL,0000320193,2020-07-30,8-K,0000320193-20-000060,aapl-20200730.htm,https://www.sec.gov/Archives/edgar/data/320193/000032019320000060/aapl-20200730.htm
AAPL,0000320193,2020-05-11,8-K,0001193125-20-139112,d926511d8k.htm,https://www.sec.gov/Archives/edgar/data/320193/000119312520139112/d926511d8k.htm
AAPL,0000320193,2020-04-30,8-K,0000320193-20-000050,a8-kq220203282020.htm,https://www.sec.gov/Archives/edgar/data/320193/000032019320000050/a8-kq220203282020.htm
AAPL,0000320193,2020-02-27,8-K,0001193125-20-050884,d865740d8k.htm,https://www.sec.gov/Archives/edgar/data/320193/000119312520050884/d865740d8k.htm
AAPL,0000320193,2020-02-18,8-K,0001193125-20-039203,d845033d8k.htm,https://www.sec.gov/Archives/edgar/data/320193/000119312520039203/d845033d8k.htm
AAPL,0000320193,2020-01-28,8-K,0000320193-20-000008,a8-kq1202012282019.htm,https://www.sec.gov/Archives/edgar/data/320193/000032019320000008/a8-kq1202012282019.htm
AAPL,0000320193,2019-11-15,8-K,0001193125-19-292676,d828969d8k.htm,https://www.sec.gov/Archives/edgar/data/320193/000119312519292676/d828969d8k.htm
AAPL,0000320193,2019-10-30,8-K,0000320193-19-000117,a8-kq420199282019.htm,https://www.sec.gov/Archives/edgar/data/320193/000032019319000117/a8-kq420199282019.htm
AAPL,0000320193,2019-09-13,8-K,0000320193-19-000093,a8-kseptember201991019.htm,https://www.sec.gov/Archives/edgar/data/320193/000032019319000093/a8-kseptember201991019.htm
AAPL,0000320193,2019-09-11,8-K,0001193125-19-242975,d777124d8k.htm,https://www.sec.gov/Archives/edgar/data/320193/000119312519242975/d777124d8k.htm
AAPL,0000320193,2019-07-30,8-K,0000320193-19-000073,a8-kq320196292019.htm,https://www.sec.gov/Archives/edgar/data/320193/000032019319000073/a8-kq320196292019.htm
AAPL,0000320193,2019-04-30,8-K,0000320193-19-000063,a8-kq220193302019.htm,https://www.sec.gov/Archives/edgar/data/320193/000032019319000063/a8-kq220193302019.htm
AAPL,0000320193,2019-03-04,8-K,0000320193-19-000032,copyofreference8-kform8xkq.htm,https://www.sec.gov/Archives/edgar/data/320193/000032019319000032/copyofreference8-kform8xkq.htm
AAPL,0000320193,2019-02-06,8-K,0000320193-19-000026,a8-kfebruary2019252019.htm,https://www.sec.gov/Archives/edgar/data/320193/000032019319000026/a8-kfebruary2019252019.htm
AAPL,0000320193,2019-01-29,8-K,0000320193-19-000007,a8-kq1201912292018.htm,https://www.sec.gov/Archives/edgar/data/320193/000032019319000007/a8-kq1201912292018.htm
AAPL,0000320193,2019-01-02,8-K,0000320193-19-000002,a8-kjanuary2019122019.htm,https://www.sec.gov/Archives/edgar/data/320193/000032019319000002/a8-kjanuary2019122019.htm
AAPL,0000320193,2018-11-01,8-K,0000320193-18-000142,a8-kq420189292018.htm,https://www.sec.gov/Archives/edgar/data/320193/000032019318000142/a8-kq420189292018.htm
AAPL,0000320193,2018-07-31,8-K,0000320193-18-000098,a8-kq320186302018.htm,https://www.sec.gov/Archives/edgar/data/320193/000032019318000098/a8-kq320186302018.htm
AAPL,0000320193,2018-05-07,8-K,0001193125-18-154515,d563832d8k.htm,https://www.sec.gov/Archives/edgar/data/320193/000119312518154515/d563832d8k.htm
AAPL,0000320193,2018-05-01,8-K,0000320193-18-000067,a8-kq220183312018.htm,https://www.sec.gov/Archives/edgar/data/320193/000032019318000067/a8-kq220183312018.htm
AAPL,0000320193,2018-02-14,8-K,0001193125-18-045761,d374908d8k.htm,https://www.sec.gov/Archives/edgar/data/320193/000119312518045761/d374908d8k.htm
AAPL,0000320193,2018-02-01,8-K,0000320193-18-000005,a8-kq1201812302017.htm,https://www.sec.gov/Archives/edgar/data/320193/000032019318000005/a8-kq1201812302017.htm
AAPL,0000320193,2017-11-13,8-K,0001193125-17-341015,d478060d8k.htm,https://www.sec.gov/Archives/edgar/data/320193/000119312517341015/d478060d8k.htm
AAPL,0000320193,2017-11-02,8-K,0000320193-17-000067,a8-kq420179302017.htm,https://www.sec.gov/Archives/edgar/data/320193/000032019317000067/a8-kq420179302017.htm
AAPL,0000320193,2017-10-12,8-K,0001193125-17-308859,d386231d8k.htm,https://www.sec.gov/Archives/edgar/data/320193/000119312517308859/d386231d8k.htm
AAPL,0000320193,2017-09-12,8-K,0001193125-17-282809,d434478d8k.htm,https://www.sec.gov/Archives/edgar/data/320193/000119312517282809/d434478d8k.htm
AAPL,0000320193,2017-08-18,8-K,0001193125-17-262261,d593893d8k.htm,https://www.sec.gov/Archives/edgar/data/320193/000119312517262261/d593893d8k.htm
AAPL,0000320193,2017-08-01,8-K,0000320193-17-000006,a8-kq32017712017.htm,https://www.sec.gov/Archives/edgar/data/320193/000032019317000006/a8-kq32017712017.htm
AAPL,0000320193,2017-06-20,8-K,0001193125-17-208226,d413980d8k.htm,https://www.sec.gov/Archives/edgar/data/320193/000119312517208226/d413980d8k.htm
AAPL,0000320193,2017-05-24,8-K,0001193125-17-181867,d583637d8k.htm,https://www.sec.gov/Archives/edgar/data/320193/000119312517181867/d583637d8k.htm
AAPL,0000320193,2017-05-11,8-K,0001193125-17-167400,d388721d8k.htm,https://www.sec.gov/Archives/edgar/data/320193/000119312517167400/d388721d8k.htm
AAPL,0000320193,2017-05-02,8-K,0001628280-17-004663,a8-kq22017412017.htm,https://www.sec.gov/Archives/edgar/data/320193/000162828017004663/a8-kq22017412017.htm
AAPL,0000320193,2017-03-03,8-K,0001193125-17-069853,d348450d8k.htm,https://www.sec.gov/Archives/edgar/data/320193/000119312517069853/d348450d8k.htm
AAPL,0000320193,2017-03-01,8-K,0001193125-17-064019,d342218d8k.htm,https://www.sec.gov/Archives/edgar/data/320193/000119312517064019/d342218d8k.htm
AAPL,0000320193,2017-02-09,8-K,0001193125-17-036283,d340350d8k.htm,https://www.sec.gov/Archives/edgar/data/320193/000119312517036283/d340350d8k.htm
AAPL,0000320193,2017-01-31,8-K,0001628280-17-000663,a8-kq1201712312016.htm,https://www.sec.gov/Archives/edgar/data/320193/000162828017000663/a8-kq1201712312016.htm
AAPL,0000320193,2016-12-15,8-K,0001628280-16-022047,form8-k121316.htm,https://www.sec.gov/Archives/edgar/data/320193/000162828016022047/form8-k121316.htm
AAPL,0000320193,2016-10-25,8-K,0001628280-16-020258,a8-kq420169242016.htm,https://www.sec.gov/Archives/edgar/data/320193/000162828016020258/a8-kq420169242016.htm
AAPL,0000320193,2016-08-04,8-K,0001193125-16-672044,d234980d8k.htm,https://www.sec.gov/Archives/edgar/data/320193/000119312516672044/d234980d8k.htm
AAPL,0000320193,2016-07-26,8-K,0001628280-16-017762,a8-kq320166252016.htm,https://www.sec.gov/Archives/edgar/data/320193/000162828016017762/a8-kq320166252016.htm
AAPL,0000320193,2016-06-22,8-K,0001193125-16-628957,d209946d8k.htm,https://www.sec.gov/Archives/edgar/data/320193/000119312516628957/d209946d8k.htm
AAPL,0000320193,2016-04-26,8-K,0001193125-16-556520,d325078d8k.htm,https://www.sec.gov/Archives/edgar/data/320193/000119312516556520/d325078d8k.htm
AAPL,0000320193,2016-03-24,8-K,0001193125-16-516891,d161597d8k.htm,https://www.sec.gov/Archives/edgar/data/320193/000119312516516891/d161597d8k.htm
AAPL,0000320193,2016-03-01,8-K,0001193125-16-488223,d150918d8k.htm,https://www.sec.gov/Archives/edgar/data/320193/000119312516488223/d150918d8k.htm
AAPL,0000320193,2016-02-23,8-K,0001193125-16-473562,d143184d8k.htm,https://www.sec.gov/Archives/edgar/data/320193/000119312516473562/d143184d8k.htm
AAPL,0000320193,2016-01-26,8-K,0001193125-16-438421,d22806d8k.htm,https://www.sec.gov/Archives/edgar/data/320193/000119312516438421/d22806d8k.htm
AAPL,0000320193,2015-12-22,8-K,0001193125-15-410853,d55543d8k.htm,https://www.sec.gov/Archives/edgar/data/320193/000119312515410853/d55543d8k.htm
AAPL,0000320193,2015-12-17,8-K,0001193125-15-406279,d107635d8k.htm,https://www.sec.gov/Archives/edgar/data/320193/000119312515406279/d107635d8k.htm
AAPL,0000320193,2015-10-27,8-K,0001193125-15-354756,d74332d8k.htm,https://www.sec.gov/Archives/edgar/data/320193/000119312515354756/d74332d8k.htm
AAPL,0000320193,2015-10-02,8-K,0001193125-15-336615,d10101d8k.htm,https://www.sec.gov/Archives/edgar/data/320193/000119312515336615/d10101d8k.htm
AAPL,0000320193,2015-09-17,8-K,0001193125-15-322466,d31615d8k.htm,https://www.sec.gov/Archives/edgar/data/320193/000119312515322466/d31615d8k.htm
AAPL,0000320193,2015-07-31,8-K,0001193125-15-273023,d12789d8k.htm,https://www.sec.gov/Archives/edgar/data/320193/000119312515273023/d12789d8k.htm
AAPL,0000320193,2015-07-21,8-K,0001193125-15-258464,d927923d8k.htm,https://www.sec.gov/Archives/edgar/data/320193/000119312515258464/d927923d8k.htm
AAPL,0000320193,2015-06-10,8-K,0001193125-15-219298,d938654d8k.htm,https://www.sec.gov/Archives/edgar/data/320193/000119312515219298/d938654d8k.htm
AAPL,0000320193,2015-05-13,8-K,0001193125-15-186064,d923398d8k.htm,https://www.sec.gov/Archives/edgar/data/320193/000119312515186064/d923398d8k.htm
AAPL,0000320193,2015-04-27,8-K,0001193125-15-149607,d914157d8k.htm,https://www.sec.gov/Archives/edgar/data/320193/000119312515149607/d914157d8k.htm
AAPL,0000320193,2015-04-27,8-K,0001193125-15-149590,d901296d8k.htm,https://www.sec.gov/Archives/edgar/data/320193/000119312515149590/d901296d8k.htm
MSFT,0000789019,2026-01-28,8-K,0001193125-26-027198,msft-20260128.htm,https://www.sec.gov/Archives/edgar/data/789019/000119312526027198/msft-20260128.htm
MSFT,0000789019,2025-12-08,8-K,0001193125-25-311196,d34077d8k.htm,https://www.sec.gov/Archives/edgar/data/789019/000119312525311196/d34077d8k.htm
MSFT,0000789019,2025-10-29,8-K,0001193125-25-256310,msft-20251028.htm,https://www.sec.gov/Archives/edgar/data/789019/000119312525256310/msft-20251028.htm
MSFT,0000789019,2025-09-30,8-K,0001193125-25-225125,d863209d8k.htm,https://www.sec.gov/Archives/edgar/data/789019/000119312525225125/d863209d8k.htm
MSFT,0000789019,2025-07-30,8-K,0000950170-25-100226,msft-20250730.htm,https://www.sec.gov/Archives/edgar/data/789019/000095017025100226/msft-20250730.htm
MSFT,0000789019,2025-07-01,8-K,0001193125-25-154103,d84624d8k.htm,https://www.sec.gov/Archives/edgar/data/789019/000119312525154103/d84624d8k.htm
MSFT,0000789019,2025-04-30,8-K,0000950170-25-061032,msft-20250430.htm,https://www.sec.gov/Archives/edgar/data/789019/000095017025061032/msft-20250430.htm
MSFT,0000789019,2025-01-29,8-K,0000950170-25-010484,msft-20250129.htm,https://www.sec.gov/Archives/edgar/data/789019/000095017025010484/msft-20250129.htm
MSFT,0000789019,2025-01-22,8-K,0001193125-25-010492,d929748d8k.htm,https://www.sec.gov/Archives/edgar/data/789019/000119312525010492/d929748d8k.htm
MSFT,0000789019,2024-12-11,8-K,0001193125-24-275524,d865252d8k.htm,https://www.sec.gov/Archives/edgar/data/789019/000119312524275524/d865252d8k.htm
MSFT,0000789019,2024-12-03,8-K,0000950170-24-132722,msft-20241203.htm,https://www.sec.gov/Archives/edgar/data/789019/000095017024132722/msft-20241203.htm
MSFT,0000789019,2024-10-30,8-K,0000950170-24-118955,msft-20241030.htm,https://www.sec.gov/Archives/edgar/data/789019/000095017024118955/msft-20241030.htm
MSFT,0000789019,2024-08-21,8-K,0001193125-24-204403,d846847d8k.htm,https://www.sec.gov/Archives/edgar/data/789019/000119312524204403/d846847d8k.htm
MSFT,0000789019,2024-07-30,8-K,0000950170-24-087835,msft-20240730.htm,https://www.sec.gov/Archives/edgar/data/789019/000095017024087835/msft-20240730.htm
MSFT,0000789019,2024-04-25,8-K,0000950170-24-048268,msft-20240425.htm,https://www.sec.gov/Archives/edgar/data/789019/000095017024048268/msft-20240425.htm
MSFT,0000789019,2024-01-30,8-K,0000950170-24-008809,msft-20240130.htm,https://www.sec.gov/Archives/edgar/data/789019/000095017024008809/msft-20240130.htm
MSFT,0000789019,2024-01-19,8-K,0001193125-24-011295,d708866d8k.htm,https://www.sec.gov/Archives/edgar/data/789019/000119312524011295/d708866d8k.htm
MSFT,0000789019,2023-12-08,8-K,0001193125-23-291720,d636199d8k.htm,https://www.sec.gov/Archives/edgar/data/789019/000119312523291720/d636199d8k.htm
MSFT,0000789019,2023-11-06,8-K,0001193125-23-271376,d566386d8k.htm,https://www.sec.gov/Archives/edgar/data/789019/000119312523271376/d566386d8k.htm
MSFT,0000789019,2023-10-30,8-K,0001193125-23-265616,d572684d8k.htm,https://www.sec.gov/Archives/edgar/data/789019/000119312523265616/d572684d8k.htm
MSFT,0000789019,2023-10-24,8-K,0000950170-23-054848,msft-20231024.htm,https://www.sec.gov/Archives/edgar/data/789019/000095017023054848/msft-20231024.htm
MSFT,0000789019,2023-10-16,8-K,0001104659-23-109428,tm2328507d1_8k.htm,https://www.sec.gov/Archives/edgar/data/789019/000110465923109428/tm2328507d1_8k.htm
MSFT,0000789019,2023-10-13,8-K,0001193125-23-255762,d537928d8k.htm,https://www.sec.gov/Archives/edgar/data/789019/000119312523255762/d537928d8k.htm
MSFT,0000789019,2023-10-11,8-K,0001193125-23-254151,d530324d8k.htm,https://www.sec.gov/Archives/edgar/data/789019/000119312523254151/d530324d8k.htm
MSFT,0000789019,2023-07-25,8-K,0000950170-23-034400,msft-20230725.htm,https://www.sec.gov/Archives/edgar/data/789019/000095017023034400/msft-20230725.htm
MSFT,0000789019,2023-07-03,8-K,0001193125-23-181341,d288670d8k.htm,https://www.sec.gov/Archives/edgar/data/789019/000119312523181341/d288670d8k.htm
MSFT,0000789019,2023-04-25,8-K,0001193125-23-115280,d321368d8k.htm,https://www.sec.gov/Archives/edgar/data/789019/000119312523115280/d321368d8k.htm
MSFT,0000789019,2023-01-24,8-K,0001193125-23-014230,d406070d8k.htm,https://www.sec.gov/Archives/edgar/data/789019/000119312523014230/d406070d8k.htm
MSFT,0000789019,2023-01-18,8-K,0001193125-23-009934,d447690d8k.htm,https://www.sec.gov/Archives/edgar/data/789019/000119312523009934/d447690d8k.htm
MSFT,0000789019,2022-12-16,8-K,0001193125-22-306591,d434535d8k.htm,https://www.sec.gov/Archives/edgar/data/789019/000119312522306591/d434535d8k.htm
MSFT,0000789019,2022-10-25,8-K,0001193125-22-268356,d361432d8k.htm,https://www.sec.gov/Archives/edgar/data/789019/000119312522268356/d361432d8k.htm
MSFT,0000789019,2022-07-26,8-K,0001193125-22-202034,d372382d8k.htm,https://www.sec.gov/Archives/edgar/data/789019/000119312522202034/d372382d8k.htm
MSFT,0000789019,2022-06-02,8-K,0001193125-22-165839,d295016d8k.htm,https://www.sec.gov/Archives/edgar/data/789019/000119312522165839/d295016d8k.htm
MSFT,0000789019,2022-04-26,8-K,0001193125-22-120207,d328712d8k.htm,https://www.sec.gov/Archives/edgar/data/789019/000119312522120207/d328712d8k.htm
MSFT,0000789019,2022-01-25,8-K,0001193125-22-017041,d299919d8k.htm,https://www.sec.gov/Archives/edgar/data/789019/000119312522017041/d299919d8k.htm
MSFT,0000789019,2022-01-18,8-K,0001193125-22-010667,d301984d8k.htm,https://www.sec.gov/Archives/edgar/data/789019/000119312522010667/d301984d8k.htm
MSFT,0000789019,2021-11-30,8-K,0001193125-21-343711,d205343d8k.htm,https://www.sec.gov/Archives/edgar/data/789019/000119312521343711/d205343d8k.htm
MSFT,0000789019,2021-10-26,8-K,0001193125-21-307941,d239488d8k.htm,https://www.sec.gov/Archives/edgar/data/789019/000119312521307941/d239488d8k.htm
MSFT,0000789019,2021-07-27,8-K,0001193125-21-225746,d200100d8k.htm,https://www.sec.gov/Archives/edgar/data/789019/000119312521225746/d200100d8k.htm
MSFT,0000789019,2021-07-08,8-K,0001193125-21-210827,d158429d8k.htm,https://www.sec.gov/Archives/edgar/data/789019/000119312521210827/d158429d8k.htm
MSFT,0000789019,2021-06-17,8-K,0001193125-21-192783,d176999d8k.htm,https://www.sec.gov/Archives/edgar/data/789019/000119312521192783/d176999d8k.htm
MSFT,0000789019,2021-05-20,8-K,0001193125-21-167940,d171596d8k.htm,https://www.sec.gov/Archives/edgar/data/789019/000119312521167940/d171596d8k.htm
MSFT,0000789019,2021-04-27,8-K,0001193125-21-134213,d179564d8k.htm,https://www.sec.gov/Archives/edgar/data/789019/000119312521134213/d179564d8k.htm
MSFT,0000789019,2021-04-12,8-K,0001193125-21-112687,d171120d8k.htm,https://www.sec.gov/Archives/edgar/data/789019/000119312521112687/d171120d8k.htm
MSFT,0000789019,2021-03-17,8-K,0001193125-21-084239,d130687d8k.htm,https://www.sec.gov/Archives/edgar/data/789019/000119312521084239/d130687d8k.htm
MSFT,0000789019,2021-03-02,8-K,0001193125-21-065751,d336741d8k.htm,https://www.sec.gov/Archives/edgar/data/789019/000119312521065751/d336741d8k.htm
MSFT,0000789019,2021-02-16,8-K,0001193125-21-044940,d11855d8k.htm,https://www.sec.gov/Archives/edgar/data/789019/000119312521044940/d11855d8k.htm
MSFT,0000789019,2021-01-26,8-K,0001193125-21-017683,d65802d8k.htm,https://www.sec.gov/Archives/edgar/data/789019/000119312521017683/d65802d8k.htm
MSFT,0000789019,2020-12-04,8-K,0001193125-20-310549,d48255d8k.htm,https://www.sec.gov/Archives/edgar/data/789019/000119312520310549/d48255d8k.htm
MSFT,0000789019,2020-10-27,8-K,0001193125-20-278410,d10535d8k.htm,https://www.sec.gov/Archives/edgar/data/789019/000119312520278410/d10535d8k.htm
MSFT,0000789019,2020-09-21,8-K,0001193125-20-250163,d62084d8k.htm,https://www.sec.gov/Archives/edgar/data/789019/000119312520250163/d62084d8k.htm
MSFT,0000789019,2020-08-03,8-K,0001193125-20-207517,d49621d8k.htm,https://www.sec.gov/Archives/edgar/data/789019/000119312520207517/d49621d8k.htm
MSFT,0000789019,2020-07-22,8-K,0001193125-20-197109,d941281d8k.htm,https://www.sec.gov/Archives/edgar/data/789019/000119312520197109/d941281d8k.htm
MSFT,0000789019,2020-07-07,8-K,0001193125-20-188481,d88910d8k.htm,https://www.sec.gov/Archives/edgar/data/789019/000119312520188481/d88910d8k.htm
MSFT,0000789019,2020-07-01,8-K,0001193125-20-184744,d949734d8k.htm,https://www.sec.gov/Archives/edgar/data/789019/000119312520184744/d949734d8k.htm
MSFT,0000789019,2020-06-26,8-K,0001193125-20-180036,d854075d8k.htm,https://www.sec.gov/Archives/edgar/data/789019/000119312520180036/d854075d8k.htm
MSFT,0000789019,2020-06-01,8-K,0001193125-20-157234,d829164d8k.htm,https://www.sec.gov/Archives/edgar/data/789019/000119312520157234/d829164d8k.htm
MSFT,0000789019,2020-05-14,8-K,0001193125-20-142890,d911580d8k.htm,https://www.sec.gov/Archives/edgar/data/789019/000119312520142890/d911580d8k.htm
MSFT,0000789019,2020-04-30,8-K,0001193125-20-128779,d924162d8k.htm,https://www.sec.gov/Archives/edgar/data/789019/000119312520128779/d924162d8k.htm
MSFT,0000789019,2020-04-29,8-K,0001193125-20-126089,d844377d8k.htm,https://www.sec.gov/Archives/edgar/data/789019/000119312520126089/d844377d8k.htm
MSFT,0000789019,2020-03-31,8-K,0001193125-20-091746,d909204d8k.htm,https://www.sec.gov/Archives/edgar/data/789019/000119312520091746/d909204d8k.htm
MSFT,0000789019,2020-03-13,8-K,0001193125-20-073072,d884867d8k.htm,https://www.sec.gov/Archives/edgar/data/789019/000119312520073072/d884867d8k.htm
MSFT,0000789019,2020-02-26,8-K,0001193125-20-050232,d896577d8k.htm,https://www.sec.gov/Archives/edgar/data/789019/000119312520050232/d896577d8k.htm
MSFT,0000789019,2020-01-29,8-K,0001193125-20-018383,d875975d8k.htm,https://www.sec.gov/Archives/edgar/data/789019/000119312520018383/d875975d8k.htm
MSFT,0000789019,2019-12-05,8-K,0001193125-19-307138,d840134d8k.htm,https://www.sec.gov/Archives/edgar/data/789019/000119312519307138/d840134d8k.htm
NVDA,0001045810,2026-03-06,8-K,0001045810-26-000024,nvda-20260302.htm,https://www.sec.gov/Archives/edgar/data/1045810/000104581026000024/nvda-20260302.htm
NVDA,0001045810,2026-02-25,8-K,0001045810-26-000019,nvda-20260225.htm,https://www.sec.gov/Archives/edgar/data/1045810/000104581026000019/nvda-20260225.htm
NVDA,0001045810,2026-01-23,8-K,0001045810-26-000003,nvda-20260120.htm,https://www.sec.gov/Archives/edgar/data/1045810/000104581026000003/nvda-20260120.htm
NVDA,0001045810,2025-11-19,8-K,0001045810-25-000228,nvda-20251119.htm,https://www.sec.gov/Archives/edgar/data/1045810/000104581025000228/nvda-20251119.htm
NVDA,0001045810,2025-08-27,8-K,0001045810-25-000207,nvda-20250827.htm,https://www.sec.gov/Archives/edgar/data/1045810/000104581025000207/nvda-20250827.htm
NVDA,0001045810,2025-08-05,8-K,0001045810-25-000197,nvda-20250731.htm,https://www.sec.gov/Archives/edgar/data/1045810/000104581025000197/nvda-20250731.htm
NVDA,0001045810,2025-07-01,8-K,0001045810-25-000179,nvda-20250625.htm,https://www.sec.gov/Archives/edgar/data/1045810/000104581025000179/nvda-20250625.htm
NVDA,0001045810,2025-05-28,8-K,0001045810-25-000115,nvda-20250528.htm,https://www.sec.gov/Archives/edgar/data/1045810/000104581025000115/nvda-20250528.htm
NVDA,0001045810,2025-04-15,8-K,0001045810-25-000082,nvda-20250409.htm,https://www.sec.gov/Archives/edgar/data/1045810/000104581025000082/nvda-20250409.htm
NVDA,0001045810,2025-03-07,8-K,0001045810-25-000039,nvda-20250303.htm,https://www.sec.gov/Archives/edgar/data/1045810/000104581025000039/nvda-20250303.htm
NVDA,0001045810,2025-02-26,8-K,0001045810-25-000021,nvda-20250226.htm,https://www.sec.gov/Archives/edgar/data/1045810/000104581025000021/nvda-20250226.htm
NVDA,0001045810,2025-01-17,8-K,0001045810-25-000007,nvda-20250113.htm,https://www.sec.gov/Archives/edgar/data/1045810/000104581025000007/nvda-20250113.htm
NVDA,0001045810,2024-11-20,8-K,0001045810-24-000315,nvda-20241120.htm,https://www.sec.gov/Archives/edgar/data/1045810/000104581024000315/nvda-20241120.htm
NVDA,0001045810,2024-11-07,8-K,0001045810-24-000300,nvda-20241107.htm,https://www.sec.gov/Archives/edgar/data/1045810/000104581024000300/nvda-20241107.htm
NVDA,0001045810,2024-08-28,8-K,0001045810-24-000262,nvda-20240828.htm,https://www.sec.gov/Archives/edgar/data/1045810/000104581024000262/nvda-20240828.htm
NVDA,0001045810,2024-07-02,8-K,0001045810-24-000206,nvda-20240626.htm,https://www.sec.gov/Archives/edgar/data/1045810/000104581024000206/nvda-20240626.htm
NVDA,0001045810,2024-06-07,8-K,0001045810-24-000144,nvda-20240607.htm,https://www.sec.gov/Archives/edgar/data/1045810/000104581024000144/nvda-20240607.htm
NVDA,0001045810,2024-05-22,8-K,0001045810-24-000113,nvda-20240522.htm,https://www.sec.gov/Archives/edgar/data/1045810/000104581024000113/nvda-20240522.htm
NVDA,0001045810,2024-03-14,8-K,0001045810-24-000069,nvda-20240308.htm,https://www.sec.gov/Archives/edgar/data/1045810/000104581024000069/nvda-20240308.htm
NVDA,0001045810,2024-02-21,8-K,0001045810-24-000028,nvda-20240221.htm,https://www.sec.gov/Archives/edgar/data/1045810/000104581024000028/nvda-20240221.htm
NVDA,0001045810,2023-11-21,8-K,0001045810-23-000225,nvda-20231121.htm,https://www.sec.gov/Archives/edgar/data/1045810/000104581023000225/nvda-20231121.htm
NVDA,0001045810,2023-10-24,8-K,0001045810-23-000221,nvda-20231023.htm,https://www.sec.gov/Archives/edgar/data/1045810/000104581023000221/nvda-20231023.htm
NVDA,0001045810,2023-10-17,8-K,0001045810-23-000217,nvda-20231017.htm,https://www.sec.gov/Archives/edgar/data/1045810/000104581023000217/nvda-20231017.htm
NVDA,0001045810,2023-08-23,8-K,0001045810-23-000171,nvda-20230823.htm,https://www.sec.gov/Archives/edgar/data/1045810/000104581023000171/nvda-20230823.htm
NVDA,0001045810,2023-07-24,8-K,0001045810-23-000164,nvda-20230724.htm,https://www.sec.gov/Archives/edgar/data/1045810/000104581023000164/nvda-20230724.htm
NVDA,0001045810,2023-06-27,8-K,0001045810-23-000146,nvda-20230622.htm,https://www.sec.gov/Archives/edgar/data/1045810/000104581023000146/nvda-20230622.htm
NVDA,0001045810,2023-05-24,8-K,0001045810-23-000087,nvda-20230524.htm,https://www.sec.gov/Archives/edgar/data/1045810/000104581023000087/nvda-20230524.htm
NVDA,0001045810,2023-03-08,8-K,0001045810-23-000039,nvda-20230302.htm,https://www.sec.gov/Archives/edgar/data/1045810/000104581023000039/nvda-20230302.htm
NVDA,0001045810,2023-02-22,8-K,0001045810-23-000014,nvda-20230222.htm,https://www.sec.gov/Archives/edgar/data/1045810/000104581023000014/nvda-20230222.htm
NVDA,0001045810,2022-11-16,8-K,0001045810-22-000163,nvda-20221116.htm,https://www.sec.gov/Archives/edgar/data/1045810/000104581022000163/nvda-20221116.htm
NVDA,0001045810,2022-09-01,8-K,0001045810-22-000151,nvda-20220831.htm,https://www.sec.gov/Archives/edgar/data/1045810/000104581022000151/nvda-20220831.htm
NVDA,0001045810,2022-08-31,8-K,0001045810-22-000146,nvda-20220826.htm,https://www.sec.gov/Archives/edgar/data/1045810/000104581022000146/nvda-20220826.htm
NVDA,0001045810,2022-08-24,8-K,0001045810-22-000136,nvda-20220824.htm,https://www.sec.gov/Archives/edgar/data/1045810/000104581022000136/nvda-20220824.htm
NVDA,0001045810,2022-08-08,8-K,0001045810-22-000133,nvda-20220808.htm,https://www.sec.gov/Archives/edgar/data/1045810/000104581022000133/nvda-20220808.htm
NVDA,0001045810,2022-06-06,8-K,0001045810-22-000088,nvda-20220602.htm,https://www.sec.gov/Archives/edgar/data/1045810/000104581022000088/nvda-20220602.htm
NVDA,0001045810,2022-05-25,8-K,0001045810-22-000073,nvda-20220525.htm,https://www.sec.gov/Archives/edgar/data/1045810/000104581022000073/nvda-20220525.htm
NVDA,0001045810,2022-03-09,8-K,0001045810-22-000023,nvda-20220303.htm,https://www.sec.gov/Archives/edgar/data/1045810/000104581022000023/nvda-20220303.htm
NVDA,0001045810,2022-02-16,8-K,0001045810-22-000008,nvda-20220216.htm,https://www.sec.gov/Archives/edgar/data/1045810/000104581022000008/nvda-20220216.htm
NVDA,0001045810,2022-02-08,8-K,0001045810-22-000005,nvda-20220208.htm,https://www.sec.gov/Archives/edgar/data/1045810/000104581022000005/nvda-20220208.htm
NVDA,0001045810,2021-11-17,8-K,0001045810-21-000160,nvda-20211117.htm,https://www.sec.gov/Archives/edgar/data/1045810/000104581021000160/nvda-20211117.htm
NVDA,0001045810,2021-08-18,8-K,0001045810-21-000128,nvda-20210818.htm,https://www.sec.gov/Archives/edgar/data/1045810/000104581021000128/nvda-20210818.htm
NVDA,0001045810,2021-06-28,8-K,0001045810-21-000117,nvda-20210628.htm,https://www.sec.gov/Archives/edgar/data/1045810/000104581021000117/nvda-20210628.htm
NVDA,0001045810,2021-06-16,8-K,0001193125-21-192149,d80739d8k.htm,https://www.sec.gov/Archives/edgar/data/1045810/000119312521192149/d80739d8k.htm
NVDA,0001045810,2021-06-07,8-K,0001045810-21-000075,nvda-20210603.htm,https://www.sec.gov/Archives/edgar/data/1045810/000104581021000075/nvda-20210603.htm
NVDA,0001045810,2021-05-26,8-K,0001045810-21-000063,nvda-20210526.htm,https://www.sec.gov/Archives/edgar/data/1045810/000104581021000063/nvda-20210526.htm
NVDA,0001045810,2021-05-21,8-K,0001045810-21-000056,nvda-20210521.htm,https://www.sec.gov/Archives/edgar/data/1045810/000104581021000056/nvda-20210521.htm
NVDA,0001045810,2021-04-12,8-K,0001045810-21-000047,nvda-20210412.htm,https://www.sec.gov/Archives/edgar/data/1045810/000104581021000047/nvda-20210412.htm
NVDA,0001045810,2021-03-19,8-K,0001045810-21-000034,nvda-20210315.htm,https://www.sec.gov/Archives/edgar/data/1045810/000104581021000034/nvda-20210315.htm
NVDA,0001045810,2021-02-24,8-K,0001045810-21-000007,nvda-20210224.htm,https://www.sec.gov/Archives/edgar/data/1045810/000104581021000007/nvda-20210224.htm
NVDA,0001045810,2020-11-18,8-K,0001045810-20-000187,nvda-20201118.htm,https://www.sec.gov/Archives/edgar/data/1045810/000104581020000187/nvda-20201118.htm
NVDA,0001045810,2020-11-09,8-K,0001045810-20-000181,nvda-20201109.htm,https://www.sec.gov/Archives/edgar/data/1045810/000104581020000181/nvda-20201109.htm
NVDA,0001045810,2020-09-14,8-K,0001193125-20-244601,d13958d8k.htm,https://www.sec.gov/Archives/edgar/data/1045810/000119312520244601/d13958d8k.htm
NVDA,0001045810,2020-08-19,8-K,0001045810-20-000145,nvda-20200819.htm,https://www.sec.gov/Archives/edgar/data/1045810/000104581020000145/nvda-20200819.htm
NVDA,0001045810,2020-07-13,8-K,0001045810-20-000127,nvda-20200713.htm,https://www.sec.gov/Archives/edgar/data/1045810/000104581020000127/nvda-20200713.htm
NVDA,0001045810,2020-06-15,8-K,0001045810-20-000103,a8-k2020annualmeetingr.htm,https://www.sec.gov/Archives/edgar/data/1045810/000104581020000103/a8-k2020annualmeetingr.htm
NVDA,0001045810,2020-05-21,8-K,0001045810-20-000063,nvda-20200521.htm,https://www.sec.gov/Archives/edgar/data/1045810/000104581020000063/nvda-20200521.htm
NVDA,0001045810,2020-04-27,8-K,0001045810-20-000052,form8-kmellanoxclosing.htm,https://www.sec.gov/Archives/edgar/data/1045810/000104581020000052/form8-kmellanoxclosing.htm
NVDA,0001045810,2020-04-17,8-K,0001045810-20-000048,mellanoxantitrustappro.htm,https://www.sec.gov/Archives/edgar/data/1045810/000104581020000048/mellanoxantitrustappro.htm
NVDA,0001045810,2020-03-31,8-K,0001193125-20-092939,d904626d8k.htm,https://www.sec.gov/Archives/edgar/data/1045810/000119312520092939/d904626d8k.htm
NVDA,0001045810,2020-03-10,8-K,0001045810-20-000033,form8-kfy2021variablec.htm,https://www.sec.gov/Archives/edgar/data/1045810/000104581020000033/form8-kfy2021variablec.htm
