ticker,week_start,last_date,future_alpha_5d,label_abs_alpha_gt_1pct,predicted_probability,predicted_label,predicted_signal,predicted_alpha_score,predicted_direction,trade_position,trade_side,predicted_edge_dollars,realized_alpha,pnl_dollars,cumulative_pnl_dollars,trade_taken,trade_correct_direction
A,2026-01-01,2026-03-31,-0.0131566882556948,1,0.77484626,1,1,0.031472422,1,0,flat,314.72422182559967,-0.0131566882556948,-0.0,-0.0,0,0
ABT,2026-01-01,2026-03-31,-0.0302820758949557,1,0.67359173,1,1,0.04487193,1,1,long,448.7193003296852,-0.0302820758949557,-302.820758949557,-302.820758949557,1,0
ACN,2026-01-01,2026-03-31,-0.0613925320634679,1,0.790168,1,1,0.08168043,1,1,long,816.8043196201324,-0.0613925320634679,-613.925320634679,-916.746079584236,1,0
ADBE,2026-01-01,2026-03-31,-0.054459955736738,1,0.7857349,1,1,0.081183195,1,1,long,811.8319511413574,-0.054459955736738,-544.59955736738,-1461.3456369516161,1,0
ADI,2026-01-01,2026-03-31,0.0492808782605669,1,0.7379792,1,1,0.051836263,1,1,long,518.3626338839531,0.0492808782605669,492.808782605669,-968.5368543459472,1,1
ADSK,2026-01-01,2026-03-31,-0.033729253993088,1,0.77867174,1,1,0.05704505,1,1,long,570.4504996538162,-0.033729253993088,-337.29253993088,-1305.8293942768273,1,0
AES,2026-01-01,2026-03-31,-0.0169492596216986,1,0.70128757,1,1,0.0015301108,1,0,flat,15.301108360290527,-0.0169492596216986,-0.0,-1305.8293942768273,0,0
AIG,2026-01-01,2026-03-31,-0.0099805372032755,0,0.75950295,1,1,0.0012805238,1,0,flat,12.805238366127014,-0.0099805372032755,-0.0,-1305.8293942768273,0,0
AKAM,2026-01-01,2026-03-31,-0.0289375669939544,1,0.7904642,1,1,0.05272554,1,1,long,527.2553861141205,-0.0289375669939544,-289.37566993954397,-1595.2050642163713,1,0
ALGN,2026-01-01,2026-03-31,-0.0074508486732323,0,0.8497802,1,1,0.016299985,1,0,flat,162.99985349178314,-0.0074508486732323,-0.0,-1595.2050642163713,0,0
ALL,2026-01-01,2026-03-31,-0.0161378162430692,1,0.69889885,1,1,0.02022199,1,0,flat,202.2198960185051,-0.0161378162430692,-0.0,-1595.2050642163713,0,0
AMAT,2026-01-01,2026-03-31,0.0895785482759199,1,0.85051715,1,1,0.046654873,1,1,long,466.54872596263885,0.0895785482759199,895.7854827591991,-699.4195814571722,1,1
AMCR,2026-01-01,2026-03-31,0.0269612818881694,1,0.8373975,1,1,0.056499325,1,1,long,564.9932473897934,0.0269612818881694,269.612818881694,-429.80676257547816,1,1
AMD,2026-01-01,2026-03-31,0.1006060403425983,1,0.7345027,1,1,0.046220228,1,1,long,462.2022807598114,0.1006060403425983,1006.060403425983,576.2536408505049,1,1
AMGN,2026-01-01,2026-03-31,-0.0447485903638984,1,0.67899966,1,1,0.04521805,1,1,long,452.18050479888916,-0.0447485903638984,-447.48590363898404,128.76773721152085,1,0
AMT,2026-01-01,2026-03-31,-0.0180908043475709,1,0.72209436,1,1,0.07620298,1,1,long,762.0298117399216,-0.0180908043475709,-180.908043475709,-52.140306264188155,1,0
AMZN,2026-01-01,2026-03-31,0.0233722834565515,1,0.75435966,1,1,0.096985,1,1,long,969.8499739170074,0.0233722834565515,233.72283456551497,181.58252830132682,1,1
AON,2026-01-01,2026-03-31,-0.0173259708332105,1,0.7281259,1,1,0.08687013,1,1,long,868.7012642621994,-0.0173259708332105,-173.259708332105,8.322819969221825,1,0
APA,2026-01-01,2026-03-31,-0.1258969416685549,1,0.7658959,1,1,0.03689777,1,0,flat,368.97771060466766,-0.1258969416685549,-0.0,8.322819969221825,0,0
APD,2026-01-01,2026-03-31,-0.0114808027771153,1,0.71825933,1,1,0.038092893,1,0,flat,380.9289261698723,-0.0114808027771153,-0.0,8.322819969221825,0,0
APH,2026-01-01,2026-03-31,0.0320427026304421,1,0.8541587,1,1,0.028569642,1,0,flat,285.6964245438576,0.0320427026304421,0.0,8.322819969221825,0,0
APTV,2026-01-01,2026-03-31,-0.1643827059170268,1,0.7965336,1,1,0.054362044,1,1,long,543.6204373836517,-0.1643827059170268,-1643.827059170268,-1635.5042392010462,1,0
ARES,2026-01-01,2026-03-31,-0.0780890158375117,1,0.7981684,1,1,0.043253023,1,0,flat,432.5302317738533,-0.0780890158375117,-0.0,-1635.5042392010462,0,0
AVB,2026-01-01,2026-03-31,-0.0074232843054418,0,0.6875457,1,1,0.0883677,1,1,long,883.6770057678223,-0.0074232843054418,-74.232843054418,-1709.7370822554642,1,0
AVGO,2026-01-01,2026-03-31,0.0939044972588936,1,0.7837686,1,1,0.06500711,1,1,long,650.0711292028427,0.0939044972588936,939.044972588936,-770.6921096665282,1,1
AVY,2026-01-01,2026-03-31,-0.0237201278713869,1,0.7434305,1,1,0.07866422,1,1,long,786.6422086954117,-0.0237201278713869,-237.20127871386902,-1007.8933883803971,1,0
BAC,2026-01-01,2026-03-31,0.0252545091886426,1,0.69171983,1,1,0.058779404,1,1,long,587.7940356731415,0.0252545091886426,252.545091886426,-755.3482964939711,1,1
BBY,2026-01-01,2026-03-31,-0.0345891701788538,1,0.8107212,1,1,0.03132791,1,0,flat,313.2791072130203,-0.0345891701788538,-0.0,-755.3482964939711,0,0
BDX,2026-01-01,2026-03-31,-0.0398410523839778,1,0.72218484,1,1,0.017258,1,0,flat,172.57999628782272,-0.0398410523839778,-0.0,-755.3482964939711,0,0
BF.B,2026-01-01,2026-03-31,-0.023443839143993,1,0.80861294,1,1,0.049906358,1,1,long,499.0635812282562,-0.023443839143993,-234.43839143993,-989.7866879339011,1,0
BG,2026-01-01,2026-03-31,-0.0393436867092678,1,0.799734,1,1,0.052550122,1,1,long,525.5012214183807,-0.0393436867092678,-393.43686709267797,-1383.223555026579,1,0
BIIB,2026-01-01,2026-03-31,-0.0576601151005025,1,0.72634137,1,1,0.04048055,1,0,flat,404.8055037856102,-0.0576601151005025,-0.0,-1383.223555026579,0,0
BK,2026-01-01,2026-03-31,0.0395286890455637,1,0.73123467,1,1,0.04808356,1,1,long,480.83558678627014,0.0395286890455637,395.286890455637,-987.9366645709422,1,1
BKNG,2026-01-01,2026-03-31,0.0357895467368674,1,0.83265775,1,1,0.045965523,1,1,long,459.655225276947,0.0357895467368674,357.89546736867396,-630.0411972022682,1,1
BKR,2026-01-01,2026-03-31,-0.0043887959352204,0,0.83764833,1,1,-0.019011043,0,0,flat,-190.1104301214218,-0.0043887959352204,-0.0,-630.0411972022682,0,0
BLK,2026-01-01,2026-03-31,0.0024651238514818,0,0.6499331,1,1,0.11418235,1,1,long,1141.8235301971436,0.0024651238514818,24.651238514818,-605.3899586874502,1,1
BR,2026-01-01,2026-03-31,-0.0482440588643906,1,0.74953675,1,1,0.07241954,1,1,long,724.1953909397125,-0.0482440588643906,-482.440588643906,-1087.8305473313562,1,0
BRO,2026-01-01,2026-03-31,0.0001538382570043,0,0.7324019,1,1,0.06768364,1,1,long,676.836371421814,0.0001538382570043,1.538382570043,-1086.2921647613132,1,1
BSX,2026-01-01,2026-03-31,-0.0419785074876409,1,0.7885015,1,1,0.06657484,1,1,long,665.7484173774719,-0.0419785074876409,-419.785074876409,-1506.0772396377222,1,0
BX,2026-01-01,2026-03-31,-0.0156442633722884,1,0.7994448,1,1,0.06754269,1,1,long,675.4268705844879,-0.0156442633722884,-156.442633722884,-1662.5198733606062,1,0
BXP,2026-01-01,2026-03-31,-0.0266192464981751,1,0.7790155,1,1,0.035533898,1,0,flat,355.3389757871628,-0.0266192464981751,-0.0,-1662.5198733606062,0,0
C,2026-01-01,2026-03-31,0.0499303561298751,1,0.7535202,1,1,0.0848206,1,1,long,848.2059836387634,0.0499303561298751,499.303561298751,-1163.2163120618552,1,1
CASY,2026-01-01,2026-03-31,0.00296677503209,0,0.62328565,1,1,0.104652345,1,1,long,1046.5234518051147,0.00296677503209,29.6677503209,-1133.5485617409552,1,1
CAT,2026-01-01,2026-03-31,0.0501440116058413,1,0.7230886,1,1,0.05789317,1,1,long,578.9316818118095,0.0501440116058413,501.440116058413,-632.1084456825422,1,1
CB,2026-01-01,2026-03-31,-0.0183633303891801,1,0.6704551,1,1,0.05635146,1,1,long,563.5146051645279,-0.0183633303891801,-183.63330389180098,-815.7417495743432,1,0
CBOE,2026-01-01,2026-03-31,0.0175477561596144,1,0.75508916,1,1,0.045592118,1,1,long,455.9211805462837,0.0175477561596144,175.477561596144,-640.2641879781992,1,1
CCI,2026-01-01,2026-03-31,0.0128264985505421,1,0.78390163,1,1,0.029563196,1,0,flat,295.6319600343704,0.0128264985505421,0.0,-640.2641879781992,0,0
CF,2026-01-01,2026-03-31,-0.0672931607938757,1,0.7954479,1,1,0.058270857,1,1,long,582.7085673809052,-0.0672931607938757,-672.9316079387571,-1313.1957959169563,1,0
CHRW,2026-01-01,2026-03-31,-0.0007138096826586,0,0.78618884,1,1,0.032349333,1,0,flat,323.4933316707611,-0.0007138096826586,-0.0,-1313.1957959169563,0,0
CHTR,2026-01-01,2026-03-31,-0.0123154738432293,1,0.74169725,1,1,0.07086164,1,1,long,708.6163759231567,-0.0123154738432293,-123.15473843229299,-1436.3505343492493,1,0
CI,2026-01-01,2026-03-31,0.0015741859097986,0,0.74243706,1,1,0.047410402,1,1,long,474.10402446985245,0.0015741859097986,15.741859097986,-1420.6086752512633,1,1
CINF,2026-01-01,2026-03-31,-0.0014546532072723,0,0.6772876,1,1,0.04498842,1,1,long,449.88419860601425,-0.0014546532072723,-14.546532072723,-1435.1552073239864,1,0
CLX,2026-01-01,2026-03-31,-0.0192651683474218,1,0.78032047,1,1,0.06432238,1,1,long,643.2238221168518,-0.0192651683474218,-192.65168347421798,-1627.8068907982042,1,0
CMCSA,2026-01-01,2026-03-31,-0.0537497983865097,1,0.76447165,1,1,0.052973397,1,1,long,529.7339707612991,-0.0537497983865097,-537.497983865097,-2165.3048746633012,1,0
CME,2026-01-01,2026-03-31,-0.0136925021050935,1,0.69391155,1,1,0.06979055,1,1,long,697.905495762825,-0.0136925021050935,-136.92502105093502,-2302.229895714236,1,0
CMS,2026-01-01,2026-03-31,-0.0229671679373315,1,0.68268853,1,1,0.0034710132,1,0,flat,34.71013158559799,-0.0229671679373315,-0.0,-2302.229895714236,0,0
COF,2026-01-01,2026-03-31,0.0160294305571617,1,0.7618858,1,1,0.035669323,1,0,flat,356.69323056936264,0.0160294305571617,0.0,-2302.229895714236,0,0
COIN,2026-01-01,2026-03-31,-0.0362016819559143,1,0.8033767,1,1,0.070557885,1,1,long,705.5788487195969,-0.0362016819559143,-362.01681955914296,-2664.246715273379,1,0
COP,2026-01-01,2026-03-31,-0.090314268042427,1,0.7598115,1,1,0.02352523,1,0,flat,235.25230586528778,-0.090314268042427,-0.0,-2664.246715273379,0,0
COST,2026-01-01,2026-03-31,-0.0049893720925959,0,0.60588205,1,1,0.053263992,1,1,long,532.6399207115173,-0.0049893720925959,-49.893720925959,-2714.1404361993377,1,0
CPRT,2026-01-01,2026-03-31,-0.0398543334959596,1,0.76433355,1,1,-0.0023097396,0,0,flat,-23.09739589691162,-0.0398543334959596,-0.0,-2714.1404361993377,0,0
CPT,2026-01-01,2026-03-31,0.008253872774963,0,0.7218728,1,1,0.015946977,1,0,flat,159.46976840496063,0.008253872774963,0.0,-2714.1404361993377,0,0
CRH,2026-01-01,2026-03-31,0.0438118849574777,1,0.8195168,1,1,0.026184052,1,0,flat,261.8405222892761,0.0438118849574777,0.0,-2714.1404361993377,0,0
CRM,2026-01-01,2026-03-31,-0.094128245606014,1,0.8176086,1,1,0.077466205,1,1,long,774.662047624588,-0.094128245606014,-941.28245606014,-3655.4228922594775,1,0
CSCO,2026-01-01,2026-03-31,0.0456419855575565,1,0.7022242,1,1,0.012814172,1,0,flat,128.14171612262726,0.0456419855575565,0.0,-3655.4228922594775,0,0
CSGP,2026-01-01,2026-03-31,-0.0766303744915937,1,0.78158534,1,1,0.0054546297,1,0,flat,54.5462965965271,-0.0766303744915937,-0.0,-3655.4228922594775,0,0
CSX,2026-01-01,2026-03-31,-0.0123976525502635,1,0.7576513,1,1,0.07504792,1,1,long,750.4791766405106,-0.0123976525502635,-123.976525502635,-3779.3994177621125,1,0
CTSH,2026-01-01,2026-03-31,-0.0446555876718741,1,0.77888334,1,1,0.01964429,1,0,flat,196.44290208816528,-0.0446555876718741,-0.0,-3779.3994177621125,0,0
CTVA,2026-01-01,2026-03-31,-0.0359641398784682,1,0.78198975,1,1,0.02054888,1,0,flat,205.48880100250244,-0.0359641398784682,-0.0,-3779.3994177621125,0,0
CVNA,2026-01-01,2026-03-31,0.0387578401993102,1,0.825091,1,1,0.024664309,1,0,flat,246.6430887579918,0.0387578401993102,0.0,-3779.3994177621125,0,0
CVS,2026-01-01,2026-03-31,0.0580976413504532,1,0.71684444,1,1,0.03799899,1,0,flat,379.989892244339,0.0580976413504532,0.0,-3779.3994177621125,0,0
DAL,2026-01-01,2026-03-31,-0.0148832764059558,1,0.817128,1,1,0.044656858,1,1,long,446.5685784816742,-0.0148832764059558,-148.832764059558,-3928.2321818216706,1,0
DD,2026-01-01,2026-03-31,0.0058091684885144,0,0.8226868,1,1,0.03882181,1,0,flat,388.21808993816376,0.0058091684885144,0.0,-3928.2321818216706,0,0
DELL,2026-01-01,2026-03-31,0.0910682106431091,1,0.8030678,1,1,0.045249686,1,1,long,452.49685645103455,0.0910682106431091,910.682106431091,-3017.5500753905794,1,1
DGX,2026-01-01,2026-03-31,-0.0200854813800461,1,0.68407804,1,1,0.03254882,1,0,flat,325.4881873726845,-0.0200854813800461,-0.0,-3017.5500753905794,0,0
DHI,2026-01-01,2026-03-31,0.0008394145063856,0,0.77664596,1,1,0.029860951,1,0,flat,298.60951006412506,0.0008394145063856,0.0,-3017.5500753905794,0,0
DHR,2026-01-01,2026-03-31,-0.0041932773941126,0,0.8012724,1,1,0.052843846,1,1,long,528.438463807106,-0.0041932773941126,-41.932773941126,-3059.4828493317054,1,0
DLTR,2026-01-01,2026-03-31,-0.0744725048089774,1,0.806953,1,1,0.053847454,1,1,long,538.4745448827744,-0.0744725048089774,-744.725048089774,-3804.207897421479,1,0
DOW,2026-01-01,2026-03-31,-0.0958534658906523,1,0.7828625,1,1,0.081052445,1,1,long,810.5244487524033,-0.0958534658906523,-958.534658906523,-4762.742556328002,1,0
DPZ,2026-01-01,2026-03-31,0.0096849990686236,0,0.7842153,1,1,0.043327462,1,0,flat,433.27461928129196,0.0096849990686236,0.0,-4762.742556328002,0,0
DRI,2026-01-01,2026-03-31,-0.04094004868713,1,0.7727053,1,1,0.03525933,1,0,flat,352.5932878255844,-0.04094004868713,-0.0,-4762.742556328002,0,0
DUK,2026-01-01,2026-03-31,-0.033910136498533,1,0.68500483,1,1,0.002811484,1,0,flat,28.114840388298035,-0.033910136498533,-0.0,-4762.742556328002,0,0
DVA,2026-01-01,2026-03-31,-0.0731103124510543,1,0.7402846,1,1,0.0041252375,1,0,flat,41.25237464904785,-0.0731103124510543,-0.0,-4762.742556328002,0,0
DVN,2026-01-01,2026-03-31,-0.0868441199016616,1,0.6699889,1,1,0.060212463,1,1,long,602.1246314048767,-0.0868441199016616,-868.441199016616,-5631.1837553446185,1,0
DXCM,2026-01-01,2026-03-31,0.0088201210343414,0,0.7916893,1,1,0.03617899,1,0,flat,361.78991198539734,0.0088201210343414,0.0,-5631.1837553446185,0,0
EA,2026-01-01,2026-03-31,-0.0383619796284062,1,0.65825355,1,1,0.052199375,1,1,long,521.9937488436699,-0.0383619796284062,-383.619796284062,-6014.80355162868,1,0
EBAY,2026-01-01,2026-03-31,0.0244420693049025,1,0.76205593,1,1,0.0068840086,1,0,flat,68.84008646011353,0.0244420693049025,0.0,-6014.80355162868,0,0
ECL,2026-01-01,2026-03-31,-0.0107947839936697,1,0.68170255,1,1,0.03104034,1,0,flat,310.40340662002563,-0.0107947839936697,-0.0,-6014.80355162868,0,0
EFX,2026-01-01,2026-03-31,-0.0150155191223118,1,0.77995735,1,1,0.03774112,1,0,flat,377.41120904684067,-0.0150155191223118,-0.0,-6014.80355162868,0,0
EME,2026-01-01,2026-03-31,0.0299635020540753,1,0.6824126,1,1,0.10035045,1,1,long,1003.5044699907303,0.0299635020540753,299.635020540753,-5715.1685310879275,1,1
EMR,2026-01-01,2026-03-31,0.0498907497777558,1,0.77463454,1,1,0.13344353,1,1,long,1334.4353437423706,0.0498907497777558,498.90749777755804,-5216.261033310369,1,1
EQR,2026-01-01,2026-03-31,-0.0110554985999646,1,0.6971696,1,1,-0.014295403,0,0,flat,-142.9540291428566,-0.0110554985999646,-0.0,-5216.261033310369,0,0
EQT,2026-01-01,2026-03-31,-0.0933189488721173,1,0.76627004,1,1,0.02232553,1,0,flat,223.25530648231506,-0.0933189488721173,-0.0,-5216.261033310369,0,0
ESS,2026-01-01,2026-03-31,0.0019584247614103,0,0.69208574,1,1,0.046951406,1,1,long,469.51405704021454,0.0019584247614103,19.584247614103003,-5196.676785696266,1,1
EW,2026-01-01,2026-03-31,-0.0185960303352883,1,0.76900357,1,1,0.024209805,1,0,flat,242.09804832935333,-0.0185960303352883,-0.0,-5196.676785696266,0,0
EXC,2026-01-01,2026-03-31,-0.0358907121264413,1,0.7666508,1,1,0.025582679,1,0,flat,255.82678616046906,-0.0358907121264413,-0.0,-5196.676785696266,0,0
F,2026-01-01,2026-03-31,0.0165086611045119,1,0.7107313,1,1,0.058173522,1,1,long,581.735223531723,0.0165086611045119,165.086611045119,-5031.590174651147,1,1
FANG,2026-01-01,2026-03-31,-0.0961830209744727,1,0.7308686,1,1,0.03396468,1,0,flat,339.6467864513397,-0.0961830209744727,-0.0,-5031.590174651147,0,0
FCX,2026-01-01,2026-03-31,0.0685688604135912,1,0.822195,1,1,0.11822141,1,1,long,1182.2140961885452,0.0685688604135912,685.688604135912,-4345.901570515235,1,1
FDX,2026-01-01,2026-03-31,0.0094799288828695,0,0.7203115,1,1,0.052256387,1,1,long,522.5638672709465,0.0094799288828695,94.799288828695,-4251.10228168654,1,1
FFIV,2026-01-01,2026-03-31,0.0143795492005209,1,0.769964,1,1,0.0751191,1,1,long,751.1910051107407,0.0143795492005209,143.795492005209,-4107.306789681331,1,1
FICO,2026-01-01,2026-03-31,-0.0160006820458278,1,0.74194425,1,1,0.056155022,1,1,long,561.5502223372459,-0.0160006820458278,-160.00682045827799,-4267.3136101396085,1,0
FIS,2026-01-01,2026-03-31,-0.0368189318144895,1,0.70287853,1,1,0.011250369,1,0,flat,112.50369250774384,-0.0368189318144895,-0.0,-4267.3136101396085,0,0
FSLR,2026-01-01,2026-03-31,-0.0211061495421573,1,0.79715574,1,1,0.058024704,1,1,long,580.2470445632935,-0.0211061495421573,-211.061495421573,-4478.375105561181,1,0
GDDY,2026-01-01,2026-03-31,-0.0613287528788416,1,0.80608094,1,1,0.04811012,1,1,long,481.1011999845505,-0.0613287528788416,-613.287528788416,-5091.662634349597,1,0
GEHC,2026-01-01,2026-03-31,-0.0023408983460326,0,0.7810466,1,1,0.03644959,1,0,flat,364.4958883523941,-0.0023408983460326,-0.0,-5091.662634349597,0,0
GEN,2026-01-01,2026-03-31,-0.0357642646022993,1,0.7812841,1,1,0.05404158,1,1,long,540.4157936573029,-0.0357642646022993,-357.64264602299295,-5449.3052803725905,1,0
GLW,2026-01-01,2026-03-31,0.1752878280099217,1,0.78365195,1,1,0.070963845,1,1,long,709.6384465694427,0.1752878280099217,1752.8782800992171,-3696.4270002733733,1,1
GOOG,2026-01-01,2026-03-31,0.0582396480872573,1,0.7284564,1,1,0.119388185,1,1,long,1193.8818544149399,0.0582396480872573,582.396480872573,-3114.0305194008006,1,1
GPC,2026-01-01,2026-03-31,-0.023253206769479,1,0.78898835,1,1,0.056495912,1,1,long,564.9591237306595,-0.023253206769479,-232.53206769479,-3346.5625870955905,1,0
GPN,2026-01-01,2026-03-31,-0.072085904757341,1,0.7976071,1,1,0.026022177,1,0,flat,260.22177189588547,-0.072085904757341,-0.0,-3346.5625870955905,0,0
GRMN,2026-01-01,2026-03-31,0.0506144608849865,1,0.77693206,1,1,0.035260014,1,0,flat,352.6001423597336,0.0506144608849865,0.0,-3346.5625870955905,0,0
GWW,2026-01-01,2026-03-31,0.0123047647867617,1,0.6141396,1,1,0.082050174,1,1,long,820.5017447471619,0.0123047647867617,123.047647867617,-3223.5149392279736,1,1
HAL,2026-01-01,2026-03-31,-0.0694713485484512,1,0.7510306,1,1,0.022822335,1,0,flat,228.22335362434387,-0.0694713485484512,-0.0,-3223.5149392279736,0,0
HBAN,2026-01-01,2026-03-31,0.005777843418635,0,0.73022264,1,1,0.04129918,1,0,flat,412.99179196357727,0.005777843418635,0.0,-3223.5149392279736,0,0
HCA,2026-01-01,2026-03-31,0.0284147667750005,1,0.6980683,1,1,0.041143395,1,0,flat,411.43395006656647,0.0284147667750005,0.0,-3223.5149392279736,0,0
HIG,2026-01-01,2026-03-31,-0.0118117051512303,1,0.7282916,1,1,0.049312778,1,1,long,493.127778172493,-0.0118117051512303,-118.117051512303,-3341.6319907402767,1,0
HLT,2026-01-01,2026-03-31,0.0041959856655626,0,0.7381839,1,1,0.077610046,1,1,long,776.1004567146301,0.0041959856655626,41.959856655626,-3299.6721340846507,1,1
HON,2026-01-01,2026-03-31,-0.0104588368466129,1,0.6870965,1,1,0.067947805,1,1,long,679.4780492782593,-0.0104588368466129,-104.588368466129,-3404.2605025507796,1,0
HPE,2026-01-01,2026-03-31,0.0101883805995823,1,0.8159706,1,1,0.013176799,1,0,flat,131.76798820495605,0.0101883805995823,0.0,-3404.2605025507796,0,0
HST,2026-01-01,2026-03-31,-0.0102450437741057,1,0.8087468,1,1,0.03841622,1,0,flat,384.16221737861633,-0.0102450437741057,-0.0,-3404.2605025507796,0,0
HSY,2026-01-01,2026-03-31,-0.0336593517507988,1,0.77989024,1,1,0.020507138,1,0,flat,205.07138222455978,-0.0336593517507988,-0.0,-3404.2605025507796,0,0
HUM,2026-01-01,2026-03-31,0.1052329918550645,1,0.8032099,1,1,0.044218943,1,1,long,442.18942523002625,0.1052329918550645,1052.329918550645,-2351.9305840001343,1,1
HWM,2026-01-01,2026-03-31,0.0458362753143883,1,0.7749847,1,1,0.09811836,1,1,long,981.1835736036301,0.0458362753143883,458.362753143883,-1893.5678308562512,1,1
IBKR,2026-01-01,2026-03-31,0.0391766572337697,1,0.8316884,1,1,0.06506303,1,1,long,650.6302952766418,0.0391766572337697,391.766572337697,-1501.8012585185543,1,1
IBM,2026-01-01,2026-03-31,-0.0416322445328005,1,0.74549437,1,1,0.03356792,1,0,flat,335.67920327186584,-0.0416322445328005,-0.0,-1501.8012585185543,0,0
ICE,2026-01-01,2026-03-31,0.027872824157433,1,0.7362568,1,1,0.07106965,1,1,long,710.6965035200119,0.027872824157433,278.72824157433,-1223.0730169442243,1,1
IDXX,2026-01-01,2026-03-31,0.0143516271797359,1,0.7228053,1,1,0.041777883,1,0,flat,417.7788272500038,0.0143516271797359,0.0,-1223.0730169442243,0,0
IEX,2026-01-01,2026-03-31,0.0048372932234326,0,0.73147744,1,1,0.0717998,1,1,long,717.9979979991913,0.0048372932234326,48.372932234326,-1174.7000847098982,1,1
INCY,2026-01-01,2026-03-31,-0.0201448972863493,1,0.76752466,1,1,0.07076386,1,1,long,707.6386362314224,-0.0201448972863493,-201.448972863493,-1376.1490575733912,1,0
INTC,2026-01-01,2026-03-31,0.296875312758557,1,0.7784903,1,1,0.026016857,1,0,flat,260.16857475042343,0.296875312758557,0.0,-1376.1490575733912,0,0
IP,2026-01-01,2026-03-31,-0.000575321525793,0,0.832,1,1,0.026913613,1,0,flat,269.13613080978394,-0.000575321525793,-0.0,-1376.1490575733912,0,0
IQV,2026-01-01,2026-03-31,-0.0272231864951086,1,0.8258062,1,1,0.04113362,1,0,flat,411.3361984491348,-0.0272231864951086,-0.0,-1376.1490575733912,0,0
ISRG,2026-01-01,2026-03-31,-0.0361522969879541,1,0.6686254,1,1,0.063980356,1,1,long,639.803558588028,-0.0361522969879541,-361.522969879541,-1737.6720274529323,1,0
IT,2026-01-01,2026-03-31,-0.0954114382498451,1,0.8002899,1,1,0.06413215,1,1,long,641.3214653730392,-0.0954114382498451,-954.114382498451,-2691.7864099513836,1,0
ITW,2026-01-01,2026-03-31,-0.0035286081245722,0,0.69413674,1,1,0.061529987,1,1,long,615.299865603447,-0.0035286081245722,-35.286081245722,-2727.0724911971056,1,0
J,2026-01-01,2026-03-31,-0.0086237973739675,0,0.7380079,1,1,0.027665988,1,0,flat,276.65987610816956,-0.0086237973739675,-0.0,-2727.0724911971056,0,0
JKHY,2026-01-01,2026-03-31,-0.0393302762159782,1,0.7351877,1,1,0.025939565,1,0,flat,259.39565151929855,-0.0393302762159782,-0.0,-2727.0724911971056,0,0
JNJ,2026-01-01,2026-03-31,-0.051796326404724,1,0.65886426,1,1,0.05203086,1,1,long,520.3086137771606,-0.051796326404724,-517.96326404724,-3245.0357552443456,1,0
JPM,2026-01-01,2026-03-31,0.013354604269578,1,0.7100063,1,1,0.034133777,1,0,flat,341.33777022361755,0.013354604269578,0.0,-3245.0357552443456,0,0
KEY,2026-01-01,2026-03-31,0.022894831674513,1,0.73837763,1,1,0.038728602,1,0,flat,387.2860223054886,0.022894831674513,0.0,-3245.0357552443456,0,0
KEYS,2026-01-01,2026-03-31,0.0883999702464133,1,0.8158223,1,1,0.05731784,1,1,long,573.1784179806709,0.0883999702464133,883.999702464133,-2361.0360527802127,1,1
KHC,2026-01-01,2026-03-31,-0.0184970617134361,1,0.76660407,1,1,0.09092736,1,1,long,909.273624420166,-0.0184970617134361,-184.970617134361,-2546.0066699145736,1,0
KIM,2026-01-01,2026-03-31,-0.0300498501365487,1,0.73128307,1,1,0.024462923,1,0,flat,244.62923407554626,-0.0300498501365487,-0.0,-2546.0066699145736,0,0
KLAC,2026-01-01,2026-03-31,0.0968335000393343,1,0.6945602,1,1,0.075773634,1,1,long,757.7363401651382,0.0968335000393343,968.3350003933431,-1577.6716695212306,1,1
KMI,2026-01-01,2026-03-31,-0.0559503342034816,1,0.74551433,1,1,-0.015098739,0,0,flat,-150.9873941540718,-0.0559503342034816,-0.0,-1577.6716695212306,0,0
KVUE,2026-01-01,2026-03-31,-0.0331501546853958,1,0.6815508,1,1,0.033434577,1,0,flat,334.3457728624344,-0.0331501546853958,-0.0,-1577.6716695212306,0,0
LDOS,2026-01-01,2026-03-31,-0.0060288625280688,0,0.74851745,1,1,0.048631165,1,1,long,486.3116517663002,-0.0060288625280688,-60.288625280688,-1637.9602948019185,1,0
LEN,2026-01-01,2026-03-31,-0.018337980827171,1,0.79242367,1,1,0.044160046,1,1,long,441.6004568338394,-0.018337980827171,-183.37980827170998,-1821.3401030736286,1,0
LHX,2026-01-01,2026-03-31,0.009781816328733,0,0.75230616,1,1,0.080320105,1,1,long,803.2010495662689,0.009781816328733,97.81816328733,-1723.5219397862986,1,1
LIN,2026-01-01,2026-03-31,-0.0294299028118749,1,0.67095196,1,1,0.07813604,1,1,long,781.3604176044464,-0.0294299028118749,-294.299028118749,-2017.8209679050476,1,0
LITE,2026-01-01,2026-03-31,0.2360507921090098,1,0.7582637,1,1,0.051636606,1,1,long,516.3660645484924,0.2360507921090098,2360.507921090098,342.68695318505047,1,1
LLY,2026-01-01,2026-03-31,-0.0024959103420343,0,0.6714561,1,1,0.06658223,1,1,long,665.8223271369934,-0.0024959103420343,-24.959103420343,317.72784976470746,1,0
LNT,2026-01-01,2026-03-31,-0.0218102327475673,1,0.74681616,1,1,0.048229776,1,1,long,482.29776322841644,-0.0218102327475673,-218.10232747567298,99.62552228903448,1,0
LOW,2026-01-01,2026-03-31,-0.0077165205448967,0,0.7256068,1,1,0.08303409,1,1,long,830.3409069776535,-0.0077165205448967,-77.165205448967,22.460316840067478,1,0
LULU,2026-01-01,2026-03-31,-0.001328209331461,0,0.7785851,1,1,0.056353748,1,1,long,563.5374784469604,-0.001328209331461,-13.28209331461,9.178223525457478,1,0
LUV,2026-01-01,2026-03-31,0.0363754664474906,1,0.82871747,1,1,0.04533089,1,1,long,453.3088952302933,0.0363754664474906,363.754664474906,372.9328880003635,1,1
LYB,2026-01-01,2026-03-31,-0.1176497041095978,1,0.8023885,1,1,0.06588967,1,1,long,658.8967144489288,-0.1176497041095978,-1176.497041095978,-803.5641530956144,1,0
MA,2026-01-01,2026-03-31,-0.0240205449343737,1,0.64741004,1,1,0.04439611,1,1,long,443.96109879016876,-0.0240205449343737,-240.205449343737,-1043.7696024393515,1,0
MAA,2026-01-01,2026-03-31,-0.0064416486127194,0,0.7031571,1,1,0.05728057,1,1,long,572.8057026863098,-0.0064416486127194,-64.416486127194,-1108.1860885665455,1,0
MAR,2026-01-01,2026-03-31,0.0268150323738671,1,0.6914298,1,1,0.076835625,1,1,long,768.3562487363815,0.0268150323738671,268.150323738671,-840.0357648278746,1,1
MCD,2026-01-01,2026-03-31,-0.0511131901571115,1,0.62539214,1,1,-0.04335797,0,0,flat,-433.579683303833,-0.0511131901571115,-0.0,-840.0357648278746,0,0
MCHP,2026-01-01,2026-03-31,0.0557715799180362,1,0.80340815,1,1,0.08379087,1,1,long,837.908685207367,0.0557715799180362,557.715799180362,-282.3199656475126,1,1
MCK,2026-01-01,2026-03-31,-0.032225107711767,1,0.7064937,1,1,0.105949104,1,1,long,1059.4910383224487,-0.032225107711767,-322.25107711767004,-604.5710427651827,1,0
MDLZ,2026-01-01,2026-03-31,-0.0183052132026135,1,0.7447547,1,1,-0.01781004,0,0,flat,-178.10039222240448,-0.0183052132026135,-0.0,-604.5710427651827,0,0
MDT,2026-01-01,2026-03-31,-0.0158692795326509,1,0.72998,1,1,0.022659585,1,0,flat,226.59584879875183,-0.0158692795326509,-0.0,-604.5710427651827,0,0
MET,2026-01-01,2026-03-31,0.0122370719510389,1,0.7613922,1,1,0.050561205,1,1,long,505.6120455265045,0.0122370719510389,122.37071951038901,-482.2003232547937,1,1
MGM,2026-01-01,2026-03-31,-0.0365188614974805,1,0.825918,1,1,0.05672419,1,1,long,567.241907119751,-0.0365188614974805,-365.18861497480503,-847.3889382295988,1,0
MKC,2026-01-01,2026-03-31,-0.0375628502644012,1,0.800613,1,1,0.048281588,1,1,long,482.8158766031265,-0.0375628502644012,-375.628502644012,-1223.0174408736107,1,0
MMM,2026-01-01,2026-03-31,-0.0118212423359229,1,0.7720202,1,1,0.072136834,1,1,long,721.3683426380157,-0.0118212423359229,-118.21242335922899,-1341.2298642328396,1,0
MNST,2026-01-01,2026-03-31,-0.0019647129795721,0,0.73801196,1,1,0.08452355,1,1,long,845.2355116605759,-0.0019647129795721,-19.647129795721,-1360.8769940285606,1,0
MPC,2026-01-01,2026-03-31,-0.0889137718716767,1,0.77240586,1,1,0.067882605,1,1,long,678.8260489702225,-0.0889137718716767,-889.137718716767,-2250.0147127453274,1,0
MPWR,2026-01-01,2026-03-31,0.1618907828843767,1,0.7074236,1,1,0.1027983,1,1,long,1027.9829800128937,0.1618907828843767,1618.907828843767,-631.1068839015604,1,1
MRK,2026-01-01,2026-03-31,-0.0149253739246906,1,0.7093216,1,1,0.059737265,1,1,long,597.3726511001587,-0.0149253739246906,-149.253739246906,-780.3606231484664,1,0
MRSH,2026-01-01,2026-03-31,-0.0253444330018826,1,0.73751837,1,1,0.034793086,1,0,flat,347.9308634996414,-0.0253444330018826,-0.0,-780.3606231484664,0,0
MS,2026-01-01,2026-03-31,0.0306245941628302,1,0.7959162,1,1,0.05509164,1,1,long,550.9164184331894,0.0306245941628302,306.245941628302,-474.1146815201644,1,1
MSI,2026-01-01,2026-03-31,-0.0072433576421675,0,0.6834602,1,1,0.04496572,1,1,long,449.65721666812897,-0.0072433576421675,-72.433576421675,-546.5482579418394,1,0
MTD,2026-01-01,2026-03-31,0.0098600639395265,0,0.6328637,1,1,0.12910686,1,1,long,1291.0686433315277,0.0098600639395265,98.600639395265,-447.9476185465744,1,1
MU,2026-01-01,2026-03-31,0.1649624995991205,1,0.7772718,1,1,0.036546685,1,0,flat,365.4668480157852,0.1649624995991205,0.0,-447.9476185465744,0,0
NDAQ,2026-01-01,2026-03-31,-0.0012548349276031,0,0.75128424,1,1,0.033500437,1,0,flat,335.00436693429947,-0.0012548349276031,-0.0,-447.9476185465744,0,0
NDSN,2026-01-01,2026-03-31,-0.0069653374471982,0,0.7337886,1,1,0.07452583,1,1,long,745.2583312988281,-0.0069653374471982,-69.65337447198199,-517.6009930185564,1,0
NEE,2026-01-01,2026-03-31,-0.0250617417698411,1,0.71028525,1,1,0.06055511,1,1,long,605.551116168499,-0.0250617417698411,-250.617417698411,-768.2184107169675,1,0
NFLX,2026-01-01,2026-03-31,-0.0052533157850804,0,0.69405025,1,1,0.12176216,1,1,long,1217.6215648651123,-0.0052533157850804,-52.533157850803995,-820.7515685677714,1,0
NI,2026-01-01,2026-03-31,-0.0080891186072515,0,0.7255598,1,1,0.037522167,1,0,flat,375.2216696739197,-0.0080891186072515,-0.0,-820.7515685677714,0,0
NOW,2026-01-01,2026-03-31,-0.1066694512985481,1,0.8170269,1,1,0.04437743,1,1,long,443.7743127346039,-0.1066694512985481,-1066.694512985481,-1887.4460815532525,1,0
NSC,2026-01-01,2026-03-31,-0.0142119437017484,1,0.71367955,1,1,0.06289214,1,1,long,628.921389579773,-0.0142119437017484,-142.119437017484,-2029.5655185707365,1,0
NWSA,2026-01-01,2026-03-31,-0.0405551702100426,1,0.74293804,1,1,0.05477544,1,1,long,547.7543920278549,-0.0405551702100426,-405.55170210042604,-2435.1172206711626,1,0
NXPI,2026-01-01,2026-03-31,-0.0013096593196375,0,0.7658233,1,1,0.08258769,1,1,long,825.8768916130066,-0.0013096593196375,-13.096593196375,-2448.2138138675377,1,0
O,2026-01-01,2026-03-31,-0.0126348416077999,1,0.68975234,1,1,0.01669398,1,0,flat,166.93979501724243,-0.0126348416077999,-0.0,-2448.2138138675377,0,0
ODFL,2026-01-01,2026-03-31,0.0231271751517869,1,0.8128041,1,1,0.08157176,1,1,long,815.7175779342651,0.0231271751517869,231.27175151786898,-2216.942062349669,1,1
ORLY,2026-01-01,2026-03-31,-0.0308258438315798,1,0.7705139,1,1,-0.0023398139,0,0,flat,-23.39813858270645,-0.0308258438315798,-0.0,-2216.942062349669,0,0
OTIS,2026-01-01,2026-03-31,-0.0069059968940088,0,0.7082382,1,1,-0.020126559,0,0,flat,-201.2655884027481,-0.0069059968940088,-0.0,-2216.942062349669,0,0
PCAR,2026-01-01,2026-03-31,0.0362874754492701,1,0.76816803,1,1,0.013210908,1,0,flat,132.10907578468323,0.0362874754492701,0.0,-2216.942062349669,0,0
PCG,2026-01-01,2026-03-31,0.0077198035280348,0,0.73680127,1,1,0.014356397,1,0,flat,143.56397092342377,0.0077198035280348,0.0,-2216.942062349669,0,0
PEP,2026-01-01,2026-03-31,-0.0421059648724456,1,0.70719135,1,1,0.021698993,1,0,flat,216.9899269938469,-0.0421059648724456,-0.0,-2216.942062349669,0,0
PGR,2026-01-01,2026-03-31,-0.0391902995270124,1,0.7260963,1,1,0.031625316,1,0,flat,316.2531554698944,-0.0391902995270124,-0.0,-2216.942062349669,0,0
PHM,2026-01-01,2026-03-31,-0.0148880457699389,1,0.79663455,1,1,0.042389248,1,0,flat,423.89247566461563,-0.0148880457699389,-0.0,-2216.942062349669,0,0
PM,2026-01-01,2026-03-31,-0.065562434769167,1,0.76615936,1,1,0.10947406,1,1,long,1094.740629196167,-0.065562434769167,-655.62434769167,-2872.5664100413387,1,0
PNC,2026-01-01,2026-03-31,0.0219364634751233,1,0.7154895,1,1,0.062056668,1,1,long,620.5666810274124,0.0219364634751233,219.364634751233,-2653.2017752901056,1,1
PNR,2026-01-01,2026-03-31,0.000310031818635,0,0.7657674,1,1,0.019328963,1,0,flat,193.2896301150322,0.000310031818635,0.0,-2653.2017752901056,0,0
PPG,2026-01-01,2026-03-31,-0.0053615310880275,0,0.8387891,1,1,0.052420504,1,1,long,524.2050439119339,-0.0053615310880275,-53.615310880275004,-2706.8170861703807,1,0
PPL,2026-01-01,2026-03-31,-0.0140815115033527,1,0.69834787,1,1,-0.008115584,0,0,flat,-81.15584030747414,-0.0140815115033527,-0.0,-2706.8170861703807,0,0
PRU,2026-01-01,2026-03-31,-0.0495965708020283,1,0.7678983,1,1,0.06214673,1,1,long,621.4673072099686,-0.0495965708020283,-495.965708020283,-3202.7827941906635,1,0
PSKY,2026-01-01,2026-03-31,0.1606058053828658,1,0.78980863,1,1,0.074571915,1,1,long,745.7191497087479,0.1606058053828658,1606.058053828658,-1596.7247403620054,1,1
PSX,2026-01-01,2026-03-31,-0.1167857119873734,1,0.76349986,1,1,0.027968489,1,0,flat,279.6848863363266,-0.1167857119873734,-0.0,-1596.7247403620054,0,0
PTC,2026-01-01,2026-03-31,-0.0261076220444735,1,0.7264779,1,1,0.05946375,1,1,long,594.637505710125,-0.0261076220444735,-261.076220444735,-1857.8009608067405,1,0
PWR,2026-01-01,2026-03-31,0.0108347733844562,1,0.75730324,1,1,0.08313584,1,1,long,831.3584327697754,0.0108347733844562,108.347733844562,-1749.4532269621784,1,1
QCOM,2026-01-01,2026-03-31,-0.0488123947322931,1,0.718915,1,1,0.026962392,1,0,flat,269.62392032146454,-0.0488123947322931,-0.0,-1749.4532269621784,0,0
RCL,2026-01-01,2026-03-31,-0.0241239195135105,1,0.80800843,1,1,0.054645453,1,1,long,546.4545264840126,-0.0241239195135105,-241.23919513510498,-1990.6924220972833,1,0
REGN,2026-01-01,2026-03-31,-0.035210199590802,1,0.70728284,1,1,0.108807564,1,1,long,1088.0756378173828,-0.035210199590802,-352.10199590802,-2342.794418005303,1,0
RMD,2026-01-01,2026-03-31,-0.011242153136598,1,0.6810473,1,1,0.039815955,1,0,flat,398.15954864025116,-0.011242153136598,-0.0,-2342.794418005303,0,0
ROL,2026-01-01,2026-03-31,-0.0147978433378359,1,0.73379797,1,1,0.02685804,1,0,flat,268.5803920030594,-0.0147978433378359,-0.0,-2342.794418005303,0,0
ROP,2026-01-01,2026-03-31,-0.0307633127693887,1,0.7046497,1,1,0.060156506,1,1,long,601.5650555491447,-0.0307633127693887,-307.633127693887,-2650.42754569919,1,0
ROST,2026-01-01,2026-03-31,-0.0027599186758002,0,0.79576474,1,1,0.12379556,1,1,long,1237.9556149244308,-0.0027599186758002,-27.599186758002002,-2678.026732457192,1,0
RTX,2026-01-01,2026-03-31,0.0158964413223681,1,0.72596467,1,1,0.09945604,1,1,long,994.5604205131531,0.0158964413223681,158.96441322368102,-2519.062319233511,1,1
SBUX,2026-01-01,2026-03-31,0.0461035287135933,1,0.7775725,1,1,0.06599366,1,1,long,659.9365919828415,0.0461035287135933,461.035287135933,-2058.027032097578,1,1
SHW,2026-01-01,2026-03-31,0.0082183692452231,0,0.7146999,1,1,0.066324696,1,1,long,663.2469594478607,0.0082183692452231,82.183692452231,-1975.8433396453468,1,1
SMCI,2026-01-01,2026-03-31,-0.0126001635700447,1,0.8033584,1,1,0.055354126,1,1,long,553.5412579774857,-0.0126001635700447,-126.001635700447,-2101.844975345794,1,0
SNDK,2026-01-01,2026-03-31,0.1901550212478118,1,0.7823514,1,1,0.032616988,1,0,flat,326.1698782444,0.1901550212478118,0.0,-2101.844975345794,0,0
SO,2026-01-01,2026-03-31,-0.0322162693094079,1,0.68957025,1,1,0.034236662,1,0,flat,342.36662089824677,-0.0322162693094079,-0.0,-2101.844975345794,0,0
SPG,2026-01-01,2026-03-31,0.0013109500024424,0,0.7349614,1,1,0.021651372,1,0,flat,216.5137231349945,0.0013109500024424,0.0,-2101.844975345794,0,0
SPGI,2026-01-01,2026-03-31,-0.0116313311573363,1,0.67187726,1,1,0.06306866,1,1,long,630.6865811347961,-0.0116313311573363,-116.313311573363,-2218.158286919157,1,0
SRE,2026-01-01,2026-03-31,-0.0213526259353347,1,0.7246722,1,1,0.04719124,1,1,long,471.9123989343643,-0.0213526259353347,-213.52625935334697,-2431.684546272504,1,0
STE,2026-01-01,2026-03-31,-0.0213139846141106,1,0.75757873,1,1,0.014523946,1,0,flat,145.23945748806,-0.0213139846141106,-0.0,-2431.684546272504,0,0
STZ,2026-01-01,2026-03-31,-0.0372173501932877,1,0.730693,1,1,0.01267267,1,0,flat,126.72670185565948,-0.0372173501932877,-0.0,-2431.684546272504,0,0
SW,2026-01-01,2026-03-31,0.0220280390790257,1,0.8531818,1,1,0.027526535,1,0,flat,275.2653509378433,0.0220280390790257,0.0,-2431.684546272504,0,0
SWK,2026-01-01,2026-03-31,-0.0328994121065404,1,0.79798985,1,1,0.06995087,1,1,long,699.5087116956711,-0.0328994121065404,-328.994121065404,-2760.6786673379083,1,0
SWKS,2026-01-01,2026-03-31,0.0168850588132538,1,0.76649296,1,1,0.011927761,1,0,flat,119.27761137485504,0.0168850588132538,0.0,-2760.6786673379083,0,0
SYF,2026-01-01,2026-03-31,0.0191205847802793,1,0.7751096,1,1,-0.019278824,0,0,flat,-192.7882432937622,0.0191205847802793,0.0,-2760.6786673379083,0,0
SYY,2026-01-01,2026-03-31,0.0225457191333802,1,0.8047126,1,1,0.050070137,1,1,long,500.701367855072,0.0225457191333802,225.457191333802,-2535.2214760041065,1,1
T,2026-01-01,2026-03-31,-0.0955219073580484,1,0.6743822,1,1,0.044743404,1,1,long,447.43403792381287,-0.0955219073580484,-955.219073580484,-3490.4405495845904,1,0
TDG,2026-01-01,2026-03-31,0.0136137668171334,1,0.61741006,1,1,0.09282677,1,1,long,928.2676875591278,0.0136137668171334,136.137668171334,-3354.3028814132563,1,1
TECH,2026-01-01,2026-03-31,0.0174979020831493,1,0.8108145,1,1,0.07006886,1,1,long,700.6885856389999,0.0174979020831493,174.979020831493,-3179.3238605817633,1,1
TEL,2026-01-01,2026-03-31,0.0280764101712742,1,0.80586946,1,1,0.037523888,1,0,flat,375.2388805150986,0.0280764101712742,0.0,-3179.3238605817633,0,0
TER,2026-01-01,2026-03-31,0.1696104427676563,1,0.8363449,1,1,0.037691027,1,0,flat,376.9102692604065,0.1696104427676563,0.0,-3179.3238605817633,0,0
TFC,2026-01-01,2026-03-31,0.0332703642216813,1,0.77760416,1,1,0.029750139,1,0,flat,297.5013852119446,0.0332703642216813,0.0,-3179.3238605817633,0,0
TKO,2026-01-01,2026-03-31,-0.0617623988435189,1,0.73341554,1,1,0.08667314,1,1,long,866.7314052581787,-0.0617623988435189,-617.623988435189,-3796.947849016952,1,0
TMO,2026-01-01,2026-03-31,-0.0146795024295849,1,0.6799083,1,1,0.10692752,1,1,long,1069.275215268135,-0.0146795024295849,-146.795024295849,-3943.7428733128013,1,0
TMUS,2026-01-01,2026-03-31,-0.0979897970878217,1,0.61871517,1,1,0.050874855,1,1,long,508.7485536932945,-0.0979897970878217,-979.8979708782169,-4923.640844191018,1,0
TPR,2026-01-01,2026-03-31,0.0280893043143999,1,0.7738392,1,1,0.060358014,1,1,long,603.5801395773888,0.0280893043143999,280.893043143999,-4642.747801047019,1,1
TRGP,2026-01-01,2026-03-31,-0.065792246806248,1,0.70393515,1,1,0.045193717,1,1,long,451.9371688365936,-0.065792246806248,-657.92246806248,-5300.670269109499,1,0
TRMB,2026-01-01,2026-03-31,-0.0158018684426071,1,0.7967937,1,1,0.024019033,1,0,flat,240.190327167511,-0.0158018684426071,-0.0,-5300.670269109499,0,0
TROW,2026-01-01,2026-03-31,-0.0204239249263959,1,0.7303339,1,1,-0.01533477,0,0,flat,-153.3477008342743,-0.0204239249263959,-0.0,-5300.670269109499,0,0
TT,2026-01-01,2026-03-31,0.0395875645572199,1,0.7462343,1,1,0.070242584,1,1,long,702.4258375167847,0.0395875645572199,395.875645572199,-4904.7946235373,1,1
TTWO,2026-01-01,2026-03-31,-0.0155075782287568,1,0.74204487,1,1,0.07995514,1,1,long,799.5513826608658,-0.0155075782287568,-155.075782287568,-5059.870405824868,1,0
TXT,2026-01-01,2026-03-31,0.0045624391810574,0,0.74098635,1,1,0.010807127,1,0,flat,108.07126760482788,0.0045624391810574,0.0,-5059.870405824868,0,0
UBER,2026-01-01,2026-03-31,-0.0326946010776192,1,0.773445,1,1,0.06400776,1,1,long,640.0775909423828,-0.0326946010776192,-326.946010776192,-5386.816416601059,1,0
UDR,2026-01-01,2026-03-31,-0.0022424529148665,0,0.7008072,1,1,0.0021213293,1,0,flat,21.213293075561523,-0.0022424529148665,-0.0,-5386.816416601059,0,0
ULTA,2026-01-01,2026-03-31,-0.0196091610876658,1,0.74369264,1,1,0.06619198,1,1,long,661.9197875261307,-0.0196091610876658,-196.09161087665802,-5582.908027477717,1,0
UNP,2026-01-01,2026-03-31,-0.0122009680892747,1,0.6880236,1,1,0.06256743,1,1,long,625.6742775440216,-0.0122009680892747,-122.009680892747,-5704.917708370464,1,0
URI,2026-01-01,2026-03-31,0.0051500576988017,0,0.6954117,1,1,0.08980251,1,1,long,898.0251103639603,0.0051500576988017,51.500576988017,-5653.417131382447,1,1
USB,2026-01-01,2026-03-31,0.0254600954112711,1,0.7164075,1,1,0.08034081,1,1,long,803.4081012010574,0.0254600954112711,254.60095411271098,-5398.816177269736,1,1
VICI,2026-01-01,2026-03-31,-0.0239433256998953,1,0.7424655,1,1,0.0033726916,1,0,flat,33.72691571712494,-0.0239433256998953,-0.0,-5398.816177269736,0,0
VLTO,2026-01-01,2026-03-31,-0.0157658061130321,1,0.71882075,1,1,0.045591585,1,1,long,455.9158533811569,-0.0157658061130321,-157.65806113032102,-5556.4742384000565,1,0
VMC,2026-01-01,2026-03-31,0.0355260380614717,1,0.7880804,1,1,0.04093162,1,0,flat,409.31619703769684,0.0355260380614717,0.0,-5556.4742384000565,0,0
VRSK,2026-01-01,2026-03-31,-0.1144184002109619,1,0.73587394,1,1,0.06285602,1,1,long,628.5601854324341,-0.1144184002109619,-1144.184002109619,-6700.658240509676,1,0
VRT,2026-01-01,2026-03-31,0.0825674240656204,1,0.82323796,1,1,0.088847496,1,1,long,888.4749561548233,0.0825674240656204,825.674240656204,-5874.983999853472,1,1
VRTX,2026-01-01,2026-03-31,-0.0448179653925506,1,0.7765673,1,1,0.09752162,1,1,long,975.2161800861359,-0.0448179653925506,-448.179653925506,-6323.163653778977,1,0
VST,2026-01-01,2026-03-31,-0.0019653586084968,0,0.8094989,1,1,0.08542391,1,1,long,854.2390912771225,-0.0019653586084968,-19.653586084968,-6342.817239863945,1,0
VTRS,2026-01-01,2026-03-31,-0.034509525832101,1,0.77571595,1,1,0.06708047,1,1,long,670.8046793937683,-0.034509525832101,-345.09525832100996,-6687.912498184955,1,0
VZ,2026-01-01,2026-03-31,-0.0819785527892086,1,0.72482455,1,1,0.022850059,1,0,flat,228.5005897283554,-0.0819785527892086,-0.0,-6687.912498184955,0,0
WAB,2026-01-01,2026-03-31,0.0400778081574852,1,0.7377228,1,1,0.042136535,1,0,flat,421.365350484848,0.0400778081574852,0.0,-6687.912498184955,0,0
WAT,2026-01-01,2026-03-31,0.030659875648562,1,0.75719696,1,1,0.09087397,1,1,long,908.7397158145905,0.030659875648562,306.59875648562,-6381.313741699336,1,1
WBD,2026-01-01,2026-03-31,-0.0356731407230264,1,0.70978564,1,1,0.042673875,1,0,flat,426.7387464642525,-0.0356731407230264,-0.0,-6381.313741699336,0,0
WDAY,2026-01-01,2026-03-31,-0.1216938686936858,1,0.80167264,1,1,0.0339827,1,0,flat,339.8270159959793,-0.1216938686936858,-0.0,-6381.313741699336,0,0
WDC,2026-01-01,2026-03-31,0.2135171435032989,1,0.8135145,1,1,0.05397807,1,1,long,539.7807061672211,0.2135171435032989,2135.171435032989,-4246.1423066663465,1,1
WELL,2026-01-01,2026-03-31,-0.0035958789164873,0,0.71365696,1,1,0.04884977,1,1,long,488.49768936634064,-0.0035958789164873,-35.958789164873,-4282.10109583122,1,0
WM,2026-01-01,2026-03-31,-0.0318136922448542,1,0.70996255,1,1,0.06874035,1,1,long,687.403529882431,-0.0318136922448542,-318.13692244854195,-4600.2380182797615,1,0
WMT,2026-01-01,2026-03-31,-0.0149724997436981,1,0.64646655,1,1,0.059755053,1,1,long,597.5505337119102,-0.0149724997436981,-149.724997436981,-4749.963015716742,1,0
WSM,2026-01-01,2026-03-31,-0.0104309862234588,1,0.7793642,1,1,0.043685965,1,0,flat,436.8596524000168,-0.0104309862234588,-0.0,-4749.963015716742,0,0
WTW,2026-01-01,2026-03-31,-0.0385378610429891,1,0.65470374,1,1,0.07420868,1,1,long,742.0867681503296,-0.0385378610429891,-385.37861042989095,-5135.341626146633,1,0
WYNN,2026-01-01,2026-03-31,-0.0026139131951696,0,0.8023056,1,1,0.06572978,1,1,long,657.297819852829,-0.0026139131951696,-26.139131951696,-5161.480758098329,1,0
XYL,2026-01-01,2026-03-31,0.0319280303764133,1,0.739057,1,1,0.029598236,1,0,flat,295.98236083984375,0.0319280303764133,0.0,-5161.480758098329,0,0
XYZ,2026-01-01,2026-03-31,0.0050839471831396,0,0.810932,1,1,0.101793274,1,1,long,1017.9327428340912,0.0050839471831396,50.839471831396,-5110.641286266933,1,1
YUM,2026-01-01,2026-03-31,-0.0071137674748824,0,0.72864825,1,1,0.024209999,1,0,flat,242.09998548030853,-0.0071137674748824,-0.0,-5110.641286266933,0,0
ZBRA,2026-01-01,2026-03-31,0.0187306172185521,1,0.7910992,1,1,0.050392233,1,1,long,503.92232835292816,0.0187306172185521,187.306172185521,-4923.335114081412,1,1
A,2026-04-01,2026-04-29,-0.0758453712112771,1,0.7541611,1,1,0.048376285,1,1,long,483.76284539699554,-0.0758453712112771,-758.453712112771,-5681.788826194183,1,0
ABT,2026-04-01,2026-04-29,-0.0037616947346993,0,0.69687295,1,1,0.054389834,1,1,long,543.898344039917,-0.0037616947346993,-37.616947346993,-5719.405773541175,1,0
ACN,2026-04-01,2026-04-29,-0.0514891411929689,1,0.80266833,1,1,0.070494324,1,1,long,704.9432396888733,-0.0514891411929689,-514.891411929689,-6234.297185470864,1,0
ADBE,2026-04-01,2026-04-29,-0.048058472135981,1,0.7862059,1,1,0.05745946,1,1,long,574.5945870876312,-0.048058472135981,-480.58472135981003,-6714.881906830674,1,0
ADI,2026-04-01,2026-04-29,0.0209589643287172,1,0.67693394,1,1,0.035116054,1,0,flat,351.16054117679596,0.0209589643287172,0.0,-6714.881906830674,0,0
ADSK,2026-04-01,2026-04-29,-0.0469862603448557,1,0.8135989,1,1,0.036554143,1,0,flat,365.5414283275604,-0.0469862603448557,-0.0,-6714.881906830674,0,0
AES,2026-04-01,2026-04-29,0.0002731485532053,0,0.6756316,1,1,-0.001780089,0,0,flat,-17.800889909267426,0.0002731485532053,0.0,-6714.881906830674,0,0
AIG,2026-04-01,2026-04-29,-0.0291888782748088,1,0.70435786,1,1,-0.04498115,0,0,flat,-449.81151819229126,-0.0291888782748088,-0.0,-6714.881906830674,0,0
AKAM,2026-04-01,2026-04-29,0.0279737192925645,1,0.79588145,1,1,0.08239879,1,1,long,823.9878714084625,0.0279737192925645,279.737192925645,-6435.144713905029,1,1
ALGN,2026-04-01,2026-04-29,-0.0897549508119028,1,0.8106636,1,1,0.023362465,1,0,flat,233.6246520280838,-0.0897549508119028,-0.0,-6435.144713905029,0,0
ALL,2026-04-01,2026-04-29,-0.0082718729249505,0,0.6910103,1,1,0.0027825497,1,0,flat,27.825497090816498,-0.0082718729249505,-0.0,-6435.144713905029,0,0
AMAT,2026-04-01,2026-04-29,-0.051501447658812,1,0.7945139,1,1,0.044502907,1,1,long,445.0290650129318,-0.051501447658812,-515.0144765881199,-6950.159190493148,1,0
AMCR,2026-04-01,2026-04-29,-0.0722374536432152,1,0.79709303,1,1,0.052014656,1,1,long,520.1465636491776,-0.0722374536432152,-722.374536432152,-7672.5337269253005,1,0
AMD,2026-04-01,2026-04-29,0.1111608927172186,1,0.626284,1,1,0.07656963,1,1,long,765.6963169574738,0.1111608927172186,1111.608927172186,-6560.924799753115,1,1
AMGN,2026-04-01,2026-04-29,-0.0225645714612594,1,0.64447284,1,1,0.036029685,1,0,flat,360.2968528866768,-0.0225645714612594,-0.0,-6560.924799753115,0,0
AMT,2026-04-01,2026-04-29,0.0109362130920594,1,0.70453703,1,1,0.04532804,1,1,long,453.28039675951004,0.0109362130920594,109.362130920594,-6451.562668832521,1,1
AMZN,2026-04-01,2026-04-29,0.030348367523341,1,0.695067,1,1,0.10802331,1,1,long,1080.2330821752548,0.030348367523341,303.48367523341,-6148.078993599111,1,1
AON,2026-04-01,2026-04-29,-0.0130964754847057,1,0.7126808,1,1,0.07834048,1,1,long,783.4047824144363,-0.0130964754847057,-130.964754847057,-6279.043748446167,1,0
APA,2026-04-01,2026-04-29,0.0596530287420479,1,0.8151866,1,1,0.03990989,1,0,flat,399.0989178419113,0.0596530287420479,0.0,-6279.043748446167,0,0
APD,2026-04-01,2026-04-29,0.0196153444201899,1,0.67161965,1,1,0.033132218,1,0,flat,331.32217824459076,0.0196153444201899,0.0,-6279.043748446167,0,0
APH,2026-04-01,2026-04-29,0.0019608552416495,0,0.7257132,1,1,0.06115515,1,1,long,611.5515157580376,0.0019608552416495,19.608552416494998,-6259.435196029673,1,1
APTV,2026-04-01,2026-04-29,-0.0412976492437725,1,0.78733253,1,1,0.043571446,1,0,flat,435.7144609093666,-0.0412976492437725,-0.0,-6259.435196029673,0,0
ARES,2026-04-01,2026-04-29,-0.083906960364671,1,0.77982485,1,1,0.027875569,1,0,flat,278.75568717718124,-0.083906960364671,-0.0,-6259.435196029673,0,0
AVB,2026-04-01,2026-04-29,0.0765091986653817,1,0.70325226,1,1,0.12157048,1,1,long,1215.7048285007477,0.0765091986653817,765.091986653817,-5494.343209375856,1,1
AVGO,2026-04-01,2026-04-29,-0.0404224197369618,1,0.7356963,1,1,0.060775507,1,1,long,607.755072414875,-0.0404224197369618,-404.22419736961797,-5898.567406745474,1,0
AVY,2026-04-01,2026-04-29,-0.0242704373708565,1,0.7126349,1,1,0.04209259,1,0,flat,420.92591524124146,-0.0242704373708565,-0.0,-5898.567406745474,0,0
BAC,2026-04-01,2026-04-29,-0.004244883611616,0,0.6178704,1,1,0.056261905,1,1,long,562.6190453767776,-0.004244883611616,-42.448836116159995,-5941.016242861634,1,0
BBY,2026-04-01,2026-04-29,-0.0752816968629851,1,0.7767589,1,1,0.032381468,1,0,flat,323.81467521190643,-0.0752816968629851,-0.0,-5941.016242861634,0,0
BDX,2026-04-01,2026-04-29,-0.066157925930275,1,0.70562947,1,1,0.010429118,1,0,flat,104.29117828607559,-0.066157925930275,-0.0,-5941.016242861634,0,0
BF.B,2026-04-01,2026-04-29,-0.1280128577322871,1,0.76280904,1,1,0.04014255,1,0,flat,401.4255106449127,-0.1280128577322871,-0.0,-5941.016242861634,0,0
BG,2026-04-01,2026-04-29,0.004566707668579,0,0.743995,1,1,0.07162519,1,1,long,716.2518799304962,0.004566707668579,45.66707668579,-5895.349166175844,1,1
BIIB,2026-04-01,2026-04-29,0.0229489910981147,1,0.7333302,1,1,0.070933424,1,1,long,709.3342393636703,0.0229489910981147,229.48991098114698,-5665.859255194698,1,1
BK,2026-04-01,2026-04-29,-0.0224304586435101,1,0.68549293,1,1,-0.004249882,0,0,flat,-42.49881953001022,-0.0224304586435101,-0.0,-5665.859255194698,0,0
BKNG,2026-04-01,2026-04-29,-0.0299386594364465,1,0.81420356,1,1,0.081226245,1,1,long,812.2624456882477,-0.0299386594364465,-299.386594364465,-5965.245849559163,1,0
BKR,2026-04-01,2026-04-29,0.1005289296737602,1,0.8005733,1,1,0.008459624,1,0,flat,84.59623903036118,0.1005289296737602,0.0,-5965.245849559163,0,0
BLK,2026-04-01,2026-04-29,-0.0214591982019993,1,0.5954157,1,1,0.10691397,1,1,long,1069.139689207077,-0.0214591982019993,-214.59198201999303,-6179.837831579156,1,0
BR,2026-04-01,2026-04-29,0.0009579133114817,0,0.74018836,1,1,0.06266574,1,1,long,626.6573816537857,0.0009579133114817,9.579133114817001,-6170.258698464339,1,1
BRO,2026-04-01,2026-04-29,-0.0916537535719317,1,0.7172102,1,1,0.05815682,1,1,long,581.56818151474,-0.0916537535719317,-916.537535719317,-7086.796234183656,1,0
BSX,2026-04-01,2026-04-29,-0.1187341104854862,1,0.7905311,1,1,0.066937715,1,1,long,669.3771481513977,-0.1187341104854862,-1187.341104854862,-8274.137339038518,1,0
BX,2026-04-01,2026-04-29,-0.0760391479281457,1,0.81014514,1,1,0.019488953,1,0,flat,194.88953053951263,-0.0760391479281457,-0.0,-8274.137339038518,0,0
BXP,2026-04-01,2026-04-29,-0.0115642580443032,1,0.73432606,1,1,0.018950745,1,0,flat,189.50745463371277,-0.0115642580443032,-0.0,-8274.137339038518,0,0
C,2026-04-01,2026-04-29,-0.0160684469683111,1,0.68767285,1,1,0.04770666,1,1,long,477.06659883260727,-0.0160684469683111,-160.68446968311102,-8434.821808721628,1,0
CASY,2026-04-01,2026-04-29,-0.001527790498405,0,0.5628982,1,1,0.082873315,1,1,long,828.7331461906433,-0.001527790498405,-15.27790498405,-8450.099713705678,1,0
CAT,2026-04-01,2026-04-29,0.0017319647819001,0,0.71605235,1,1,0.03407507,1,0,flat,340.75070172548294,0.0017319647819001,0.0,-8450.099713705678,0,0
CB,2026-04-01,2026-04-29,0.0012564854656625,0,0.6614265,1,1,0.042748198,1,0,flat,427.4819791316986,0.0012564854656625,0.0,-8450.099713705678,0,0
CBOE,2026-04-01,2026-04-29,0.0276726898610463,1,0.72259426,1,1,0.05023984,1,1,long,502.39838659763336,0.0276726898610463,276.726898610463,-8173.372815095216,1,1
CCI,2026-04-01,2026-04-29,-0.0013545620173245,0,0.805843,1,1,0.0021175146,1,0,flat,21.175146102905273,-0.0013545620173245,-0.0,-8173.372815095216,0,0
CF,2026-04-01,2026-04-29,0.0355499714106372,1,0.79173064,1,1,0.061188955,1,1,long,611.88954859972,0.0355499714106372,355.499714106372,-7817.873100988843,1,1
CHRW,2026-04-01,2026-04-29,0.0226476285954463,1,0.7907156,1,1,0.024669625,1,0,flat,246.69624865055084,0.0226476285954463,0.0,-7817.873100988843,0,0
CHTR,2026-04-01,2026-04-29,-0.3454731077767001,1,0.7618642,1,1,0.036446564,1,0,flat,364.4656389951706,-0.3454731077767001,-0.0,-7817.873100988843,0,0
CI,2026-04-01,2026-04-29,0.0644158290562842,1,0.71848446,1,1,0.05404582,1,1,long,540.4581874608994,0.0644158290562842,644.1582905628419,-7173.714810426001,1,1
CINF,2026-04-01,2026-04-29,-0.0180705272354827,1,0.62021345,1,1,0.03676794,1,0,flat,367.6794096827507,-0.0180705272354827,-0.0,-7173.714810426001,0,0
CLX,2026-04-01,2026-04-29,-0.0212033807583617,1,0.76272476,1,1,0.043080047,1,0,flat,430.8004677295685,-0.0212033807583617,-0.0,-7173.714810426001,0,0
CMCSA,2026-04-01,2026-04-29,-0.0885930596787344,1,0.79708934,1,1,0.041560218,1,0,flat,415.6021773815155,-0.0885930596787344,-0.0,-7173.714810426001,0,0
CME,2026-04-01,2026-04-29,0.0057332220726818,0,0.68862444,1,1,0.0625864,1,1,long,625.8639693260193,0.0057332220726818,57.332220726818,-7116.382589699183,1,1
CMS,2026-04-01,2026-04-29,-0.0030610737568405,0,0.5735748,1,1,-0.018289309,0,0,flat,-182.8930899500847,-0.0030610737568405,-0.0,-7116.382589699183,0,0
COF,2026-04-01,2026-04-29,-0.0427995920242644,1,0.77172065,1,1,0.036667313,1,0,flat,366.67313426733017,-0.0427995920242644,-0.0,-7116.382589699183,0,0
COIN,2026-04-01,2026-04-29,-0.1185690213110569,1,0.7618167,1,1,0.03707978,1,0,flat,370.7978129386902,-0.1185690213110569,-0.0,-7116.382589699183,0,0
COP,2026-04-01,2026-04-29,0.0463579902840275,1,0.8114958,1,1,0.047665134,1,1,long,476.6513407230377,0.0463579902840275,463.579902840275,-6652.802686858908,1,1
COST,2026-04-01,2026-04-29,-0.0047383381815755,0,0.5897094,1,1,0.04002553,1,0,flat,400.2552852034569,-0.0047383381815755,-0.0,-6652.802686858908,0,0
CPRT,2026-04-01,2026-04-29,-0.010118730037939,1,0.6470776,1,1,-0.0061117653,0,0,flat,-61.11765280365944,-0.010118730037939,-0.0,-6652.802686858908,0,0
CPT,2026-04-01,2026-04-29,0.0381130796811565,1,0.7640828,1,1,0.041889943,1,0,flat,418.89943182468414,0.0381130796811565,0.0,-6652.802686858908,0,0
CRH,2026-04-01,2026-04-29,-0.0225539164832282,1,0.75807995,1,1,-0.0023252964,0,0,flat,-23.25296401977539,-0.0225539164832282,-0.0,-6652.802686858908,0,0
CRM,2026-04-01,2026-04-29,-0.044932339819284,1,0.80744904,1,1,0.035300083,1,0,flat,353.00083458423615,-0.044932339819284,-0.0,-6652.802686858908,0,0
CSCO,2026-04-01,2026-04-29,-0.0022881359581217,0,0.68009824,1,1,0.0291764,1,0,flat,291.7639911174774,-0.0022881359581217,-0.0,-6652.802686858908,0,0
CSGP,2026-04-01,2026-04-29,-0.1191491112726409,1,0.7451832,1,1,0.023754194,1,0,flat,237.54194378852844,-0.1191491112726409,-0.0,-6652.802686858908,0,0
CSX,2026-04-01,2026-04-29,0.0350114530784185,1,0.72966576,1,1,-0.005062811,0,0,flat,-50.62811076641083,0.0350114530784185,0.0,-6652.802686858908,0,0
CTSH,2026-04-01,2026-04-29,-0.0696129339901994,1,0.7685366,1,1,0.05970389,1,1,long,597.0389023423195,-0.0696129339901994,-696.129339901994,-7348.932026760902,1,0
CTVA,2026-04-01,2026-04-29,0.0005252502903901,0,0.68926483,1,1,-0.012028322,0,0,flat,-120.28321623802185,0.0005252502903901,0.0,-7348.932026760902,0,0
CVNA,2026-04-01,2026-04-29,-0.048192533907736,1,0.7732558,1,1,0.02121083,1,0,flat,212.1083065867424,-0.048192533907736,-0.0,-7348.932026760902,0,0
CVS,2026-04-01,2026-04-29,0.1076446552088489,1,0.7633857,1,1,0.051025987,1,1,long,510.25986671447754,0.1076446552088489,1076.446552088489,-6272.485474672413,1,1
DAL,2026-04-01,2026-04-29,-0.0310089286940477,1,0.80364674,1,1,0.01146511,1,0,flat,114.65109884738922,-0.0310089286940477,-0.0,-6272.485474672413,0,0
DD,2026-04-01,2026-04-29,-0.0293049424405166,1,0.7355989,1,1,0.007823132,1,0,flat,78.2313197851181,-0.0293049424405166,-0.0,-6272.485474672413,0,0
DELL,2026-04-01,2026-04-29,-0.0416089408481595,1,0.7976361,1,1,0.04624363,1,1,long,462.4363034963608,-0.0416089408481595,-416.089408481595,-6688.574883154008,1,0
DGX,2026-04-01,2026-04-29,-0.071687599857487,1,0.7214539,1,1,0.027832597,1,0,flat,278.32597494125366,-0.071687599857487,-0.0,-6688.574883154008,0,0
DHI,2026-04-01,2026-04-29,-0.0588532890466944,1,0.745206,1,1,0.013846576,1,0,flat,138.4657621383667,-0.0588532890466944,-0.0,-6688.574883154008,0,0
DHR,2026-04-01,2026-04-29,-0.0281988707118041,1,0.76906896,1,1,0.042184617,1,0,flat,421.8461737036705,-0.0281988707118041,-0.0,-6688.574883154008,0,0
DLTR,2026-04-01,2026-04-29,-0.0612155657490548,1,0.7808517,1,1,0.013531111,1,0,flat,135.31111180782318,-0.0612155657490548,-0.0,-6688.574883154008,0,0
DOW,2026-04-01,2026-04-29,0.0193403435437934,1,0.8438723,1,1,0.05678201,1,1,long,567.8201094269753,0.0193403435437934,193.40343543793398,-6495.171447716074,1,1
DPZ,2026-04-01,2026-04-29,-0.0916023352554564,1,0.8049013,1,1,0.023896374,1,0,flat,238.96373808383942,-0.0916023352554564,-0.0,-6495.171447716074,0,0
DRI,2026-04-01,2026-04-29,-0.0169501154281292,1,0.7341785,1,1,0.023379643,1,0,flat,233.79642516374588,-0.0169501154281292,-0.0,-6495.171447716074,0,0
DUK,2026-04-01,2026-04-29,0.0103330458484586,1,0.6614067,1,1,-0.011134803,0,0,flat,-111.34803295135498,0.0103330458484586,0.0,-6495.171447716074,0,0
DVA,2026-04-01,2026-04-29,-0.0025479555075926,0,0.7640471,1,1,0.009592503,1,0,flat,95.92503309249878,-0.0025479555075926,-0.0,-6495.171447716074,0,0
DVN,2026-04-01,2026-04-29,0.0843139590144784,1,0.7183264,1,1,0.11260177,1,1,long,1126.0177195072174,0.0843139590144784,843.1395901447839,-5652.03185757129,1,1
DXCM,2026-04-01,2026-04-29,-0.0919835694439299,1,0.7618594,1,1,0.04451646,1,1,long,445.16459107398987,-0.0919835694439299,-919.8356944392989,-6571.867552010589,1,0
EA,2026-04-01,2026-04-29,-0.0002693142686397,0,0.63745576,1,1,0.040823795,1,0,flat,408.23794901371,-0.0002693142686397,-0.0,-6571.867552010589,0,0
EBAY,2026-04-01,2026-04-29,-0.0171461109917538,1,0.77533275,1,1,0.023110673,1,0,flat,231.1067283153534,-0.0171461109917538,-0.0,-6571.867552010589,0,0
ECL,2026-04-01,2026-04-29,-0.0455380575589801,1,0.68043464,1,1,0.0072560087,1,0,flat,72.56008684635162,-0.0455380575589801,-0.0,-6571.867552010589,0,0
EFX,2026-04-01,2026-04-29,-0.0338699499494246,1,0.77879536,1,1,0.018926147,1,0,flat,189.26147371530533,-0.0338699499494246,-0.0,-6571.867552010589,0,0
EME,2026-04-01,2026-04-29,-0.0306919734035533,1,0.65154004,1,1,0.07506448,1,1,long,750.6448030471802,-0.0306919734035533,-306.919734035533,-6878.787286046122,1,0
EMR,2026-04-01,2026-04-29,-0.0432234300559545,1,0.75005984,1,1,0.06150056,1,1,long,615.0056049227715,-0.0432234300559545,-432.234300559545,-7311.021586605667,1,0
EQR,2026-04-01,2026-04-29,0.0607269491385172,1,0.7221204,1,1,0.08288048,1,1,long,828.8048207759857,0.0607269491385172,607.269491385172,-6703.752095220495,1,1
EQT,2026-04-01,2026-04-29,0.0069148273941611,0,0.77068293,1,1,-0.003455691,0,0,flat,-34.55691039562225,0.0069148273941611,0.0,-6703.752095220495,0,0
ESS,2026-04-01,2026-04-29,0.0507510059745589,1,0.70998156,1,1,0.065835744,1,1,long,658.3574414253235,0.0507510059745589,507.510059745589,-6196.242035474906,1,1
EW,2026-04-01,2026-04-29,-0.0035291029276626,0,0.76533604,1,1,0.021957628,1,0,flat,219.57628428936005,-0.0035291029276626,-0.0,-6196.242035474906,0,0
EXC,2026-04-01,2026-04-29,0.0255675190716014,1,0.7131647,1,1,0.023243248,1,0,flat,232.43248462677002,0.0255675190716014,0.0,-6196.242035474906,0,0
F,2026-04-01,2026-04-29,-0.0306057382075979,1,0.6948277,1,1,0.035452254,1,0,flat,354.52254116535187,-0.0306057382075979,-0.0,-6196.242035474906,0,0
FANG,2026-04-01,2026-04-29,0.0593334079817472,1,0.7607661,1,1,0.058477506,1,1,long,584.775060415268,0.0593334079817472,593.334079817472,-5602.907955657433,1,1
FCX,2026-04-01,2026-04-29,-0.1906023515700837,1,0.813957,1,1,0.08663867,1,1,long,866.386666893959,-0.1906023515700837,-1906.0235157008372,-7508.931471358271,1,0
FDX,2026-04-01,2026-04-29,0.0071133715027079,0,0.6932725,1,1,0.047454685,1,1,long,474.5468497276306,0.0071133715027079,71.13371502707899,-7437.7977563311915,1,1
FFIV,2026-04-01,2026-04-29,0.0548075068671224,1,0.7593914,1,1,0.09224878,1,1,long,922.4878251552582,0.0548075068671224,548.075068671224,-6889.722687659967,1,1
FICO,2026-04-01,2026-04-29,0.0759299557847928,1,0.72038907,1,1,0.071053624,1,1,long,710.5362415313721,0.0759299557847928,759.299557847928,-6130.423129812039,1,1
FIS,2026-04-01,2026-04-29,-0.0335897052661446,1,0.79062843,1,1,0.016985584,1,0,flat,169.85584050416946,-0.0335897052661446,-0.0,-6130.423129812039,0,0
FSLR,2026-04-01,2026-04-29,0.0103414747091429,1,0.7846536,1,1,0.002044715,1,0,flat,20.447149872779846,0.0103414747091429,0.0,-6130.423129812039,0,0
GDDY,2026-04-01,2026-04-29,-0.0295910974205414,1,0.78452146,1,1,0.035539623,1,0,flat,355.39623349905014,-0.0295910974205414,-0.0,-6130.423129812039,0,0
GEHC,2026-04-01,2026-04-29,-0.1663701282857668,1,0.69063157,1,1,0.034788348,1,0,flat,347.883477807045,-0.1663701282857668,-0.0,-6130.423129812039,0,0
GEN,2026-04-01,2026-04-29,-0.0422481316469984,1,0.81943357,1,1,0.039439872,1,0,flat,394.3987190723419,-0.0422481316469984,-0.0,-6130.423129812039,0,0
GLW,2026-04-01,2026-04-29,-0.0996320491189159,1,0.7281512,1,1,0.058153067,1,1,long,581.5306678414345,-0.0996320491189159,-996.320491189159,-7126.743621001198,1,0
GOOG,2026-04-01,2026-04-29,0.0286389622524013,1,0.65705645,1,1,0.10694787,1,1,long,1069.478690624237,0.0286389622524013,286.389622524013,-6840.353998477185,1,1
GPC,2026-04-01,2026-04-29,-0.0754383177633312,1,0.7266546,1,1,0.039542533,1,0,flat,395.42533457279205,-0.0754383177633312,-0.0,-6840.353998477185,0,0
GPN,2026-04-01,2026-04-29,-0.0088025495890978,0,0.75082123,1,1,0.053851366,1,1,long,538.5136604309082,-0.0088025495890978,-88.025495890978,-6928.379494368163,1,0
GRMN,2026-04-01,2026-04-29,-0.0504039011951754,1,0.7438365,1,1,0.044075552,1,1,long,440.75552374124527,-0.0504039011951754,-504.039011951754,-7432.4185063199175,1,0
GWW,2026-04-01,2026-04-29,-0.00784516460518,0,0.6009644,1,1,0.07111968,1,1,long,711.1968100070953,-0.00784516460518,-78.4516460518,-7510.870152371717,1,0
HAL,2026-04-01,2026-04-29,0.0693092191439285,1,0.7465371,1,1,0.03930161,1,0,flat,393.01611483097076,0.0693092191439285,0.0,-7510.870152371717,0,0
HBAN,2026-04-01,2026-04-29,-0.0300479119780128,1,0.7032173,1,1,-0.015311211,0,0,flat,-153.11211347579956,-0.0300479119780128,-0.0,-7510.870152371717,0,0
HCA,2026-04-01,2026-04-29,-0.0772929350438779,1,0.7692253,1,1,0.07240679,1,1,long,724.0679115056992,-0.0772929350438779,-772.9293504387789,-8283.799502810496,1,0
HIG,2026-04-01,2026-04-29,-0.0103705500508546,1,0.7254607,1,1,0.04114777,1,0,flat,411.4776849746704,-0.0103705500508546,-0.0,-8283.799502810496,0,0
HLT,2026-04-01,2026-04-29,-0.057178862884095,1,0.7300528,1,1,0.049040675,1,1,long,490.40675163269043,-0.057178862884095,-571.78862884095,-8855.588131651446,1,0
HON,2026-04-01,2026-04-29,-0.0436873829523751,1,0.68192023,1,1,0.05547423,1,1,long,554.7422915697098,-0.0436873829523751,-436.873829523751,-9292.461961175197,1,0
HPE,2026-04-01,2026-04-29,-0.0070927227247804,0,0.7847759,1,1,0.017290965,1,0,flat,172.90964722633362,-0.0070927227247804,-0.0,-9292.461961175197,0,0
HST,2026-04-01,2026-04-29,0.0103450469047895,1,0.74732214,1,1,0.014842197,1,0,flat,148.421972990036,0.0103450469047895,0.0,-9292.461961175197,0,0
HSY,2026-04-01,2026-04-29,0.0029766194364583,0,0.77669245,1,1,0.011944175,1,0,flat,119.44174766540527,0.0029766194364583,0.0,-9292.461961175197,0,0
HUM,2026-04-01,2026-04-29,0.1185804251989893,1,0.746964,1,1,0.06396079,1,1,long,639.6079063415527,0.1185804251989893,1185.804251989893,-8106.657709185304,1,1
HWM,2026-04-01,2026-04-29,-0.0178271525177476,1,0.7767905,1,1,0.07261509,1,1,long,726.1508703231812,-0.0178271525177476,-178.271525177476,-8284.92923436278,1,0
IBKR,2026-04-01,2026-04-29,-0.0132974256410197,1,0.81616354,1,1,0.05735961,1,1,long,573.5960975289345,-0.0132974256410197,-132.974256410197,-8417.903490772977,1,0
IBM,2026-04-01,2026-04-29,-0.0980354135322117,1,0.72311383,1,1,0.024290334,1,0,flat,242.90334433317184,-0.0980354135322117,-0.0,-8417.903490772977,0,0
ICE,2026-04-01,2026-04-29,-0.0162865086784149,1,0.7060998,1,1,0.05103939,1,1,long,510.3939026594162,-0.0162865086784149,-162.86508678414899,-8580.768577557126,1,0
IDXX,2026-04-01,2026-04-29,-0.0424172698502748,1,0.7131471,1,1,0.025043279,1,0,flat,250.4327893257141,-0.0424172698502748,-0.0,-8580.768577557126,0,0
IEX,2026-04-01,2026-04-29,0.067601101832822,1,0.70920336,1,1,0.076929346,1,1,long,769.2934572696686,0.067601101832822,676.0110183282201,-7904.757559228906,1,1
INCY,2026-04-01,2026-04-29,0.024668441735607,1,0.7442375,1,1,0.054245755,1,1,long,542.4575507640839,0.024668441735607,246.68441735607,-7658.073141872836,1,1
INTC,2026-04-01,2026-04-29,0.4519355489382869,1,0.73322064,1,1,0.033975385,1,0,flat,339.7538512945175,0.4519355489382869,0.0,-7658.073141872836,0,0
IP,2026-04-01,2026-04-29,0.0077738982161431,0,0.8249893,1,1,0.0017411225,1,0,flat,17.41122454404831,0.0077738982161431,0.0,-7658.073141872836,0,0
IQV,2026-04-01,2026-04-29,-0.1055998172646177,1,0.8110675,1,1,0.037198342,1,0,flat,371.9834238290787,-0.1055998172646177,-0.0,-7658.073141872836,0,0
ISRG,2026-04-01,2026-04-29,-0.0613248185401597,1,0.71263117,1,1,0.06632634,1,1,long,663.2634252309799,-0.0613248185401597,-613.248185401597,-8271.321327274432,1,0
IT,2026-04-01,2026-04-29,-0.043396090547139,1,0.791854,1,1,0.055869713,1,1,long,558.6971342563629,-0.043396090547139,-433.96090547139,-8705.282232745822,1,0
ITW,2026-04-01,2026-04-29,-0.0050433474954143,0,0.6994756,1,1,0.0390693,1,0,flat,390.69298654794693,-0.0050433474954143,-0.0,-8705.282232745822,0,0
J,2026-04-01,2026-04-29,-0.0152502015805467,1,0.74006313,1,1,0.012109831,1,0,flat,121.09830975532532,-0.0152502015805467,-0.0,-8705.282232745822,0,0
JKHY,2026-04-01,2026-04-29,-0.0133912395407891,1,0.7508897,1,1,0.019245856,1,0,flat,192.45855510234833,-0.0133912395407891,-0.0,-8705.282232745822,0,0
JNJ,2026-04-01,2026-04-29,0.0058016756043178,0,0.6176244,1,1,0.011626523,1,0,flat,116.26522988080978,0.0058016756043178,0.0,-8705.282232745822,0,0
JPM,2026-04-01,2026-04-29,-0.0117707756241327,1,0.63033617,1,1,0.011582632,1,0,flat,115.826316177845,-0.0117707756241327,-0.0,-8705.282232745822,0,0
KEY,2026-04-01,2026-04-29,-0.0165145476293628,1,0.6912866,1,1,-0.022834074,0,0,flat,-228.3407375216484,-0.0165145476293628,-0.0,-8705.282232745822,0,0
KEYS,2026-04-01,2026-04-29,-0.0100817788828058,1,0.72289044,1,1,0.050138347,1,1,long,501.3834685087204,-0.0100817788828058,-100.817788828058,-8806.10002157388,1,0
KHC,2026-04-01,2026-04-29,0.024485149531887,1,0.71370864,1,1,0.070944086,1,1,long,709.4408571720123,0.024485149531887,244.85149531887,-8561.24852625501,1,1
KIM,2026-04-01,2026-04-29,0.0032430126062622,0,0.7039135,1,1,-0.005295709,0,0,flat,-52.95708775520325,0.0032430126062622,0.0,-8561.24852625501,0,0
KLAC,2026-04-01,2026-04-29,0.0025633057276704,0,0.66936886,1,1,0.058764245,1,1,long,587.6424536108971,0.0025633057276704,25.633057276704,-8535.615468978307,1,1
KMI,2026-04-01,2026-04-29,0.0012162698090741,0,0.7348404,1,1,-0.015838,0,0,flat,-158.38000923395157,0.0012162698090741,0.0,-8535.615468978307,0,0
KVUE,2026-04-01,2026-04-29,-0.0043484531899636,0,0.6917885,1,1,-0.003011167,0,0,flat,-30.11167049407959,-0.0043484531899636,-0.0,-8535.615468978307,0,0
LDOS,2026-04-01,2026-04-29,-0.0315761171751873,1,0.7330687,1,1,0.036076862,1,0,flat,360.768623650074,-0.0315761171751873,-0.0,-8535.615468978307,0,0
LEN,2026-04-01,2026-04-29,-0.0604997265048531,1,0.7477917,1,1,0.015383929,1,0,flat,153.83929014205933,-0.0604997265048531,-0.0,-8535.615468978307,0,0
LHX,2026-04-01,2026-04-29,-0.0306621757317142,1,0.7421076,1,1,0.06740002,1,1,long,674.0002334117889,-0.0306621757317142,-306.621757317142,-8842.237226295449,1,0
LIN,2026-04-01,2026-04-29,0.0206726399556912,1,0.66849345,1,1,0.05619336,1,1,long,561.9335919618607,0.0206726399556912,206.72639955691199,-8635.510826738537,1,1
LITE,2026-04-01,2026-04-29,-0.0172176580959938,1,0.7176348,1,1,0.06209381,1,1,long,620.9380924701691,-0.0172176580959938,-172.176580959938,-8807.687407698475,1,0
LLY,2026-04-01,2026-04-29,-0.0759845672794793,1,0.6539915,1,1,0.062550396,1,1,long,625.5039572715759,-0.0759845672794793,-759.845672794793,-9567.533080493267,1,0
LNT,2026-04-01,2026-04-29,0.014929305950971,1,0.6947166,1,1,0.025989257,1,0,flat,259.8925679922104,0.014929305950971,0.0,-9567.533080493267,0,0
LOW,2026-04-01,2026-04-29,-0.0474041724019989,1,0.7119269,1,1,0.047229886,1,1,long,472.29886054992676,-0.0474041724019989,-474.04172401998903,-10041.574804513257,1,0
LULU,2026-04-01,2026-04-29,-0.1544530292278875,1,0.79160565,1,1,0.04458963,1,1,long,445.89631259441376,-0.1544530292278875,-1544.530292278875,-11586.105096792133,1,0
LUV,2026-04-01,2026-04-29,-0.0538563898461107,1,0.8108557,1,1,0.018465504,1,0,flat,184.65504050254822,-0.0538563898461107,-0.0,-11586.105096792133,0,0
LYB,2026-04-01,2026-04-29,0.0181898279355295,1,0.82437575,1,1,0.08505852,1,1,long,850.5851775407791,0.0181898279355295,181.898279355295,-11404.206817436838,1,1
MA,2026-04-01,2026-04-29,0.0298128551128394,1,0.62643623,1,1,0.061137214,1,1,long,611.3721430301666,0.0298128551128394,298.128551128394,-11106.078266308445,1,1
MAA,2026-04-01,2026-04-29,0.0413680239562913,1,0.72982144,1,1,0.086338736,1,1,long,863.3873611688614,0.0413680239562913,413.680239562913,-10692.398026745532,1,1
MAR,2026-04-01,2026-04-29,-0.0356269209058089,1,0.6906721,1,1,0.027990595,1,0,flat,279.90594506263733,-0.0356269209058089,-0.0,-10692.398026745532,0,0
MCD,2026-04-01,2026-04-29,-0.0330191516038014,1,0.61920756,1,1,-0.056549132,0,0,flat,-565.4913187026978,-0.0330191516038014,-0.0,-10692.398026745532,0,0
MCHP,2026-04-01,2026-04-29,0.0935078054279529,1,0.7422799,1,1,0.08759355,1,1,long,875.9354799985886,0.0935078054279529,935.0780542795289,-9757.319972466003,1,1
MCK,2026-04-01,2026-04-29,-0.0076860132491773,0,0.6813372,1,1,0.075696275,1,1,long,756.9627463817596,-0.0076860132491773,-76.860132491773,-9834.180104957775,1,0
MDLZ,2026-04-01,2026-04-29,0.0891065310049042,1,0.7501421,1,1,0.050223507,1,1,long,502.2350698709488,0.0891065310049042,891.0653100490421,-8943.114794908734,1,1
MDT,2026-04-01,2026-04-29,-0.0459897500006017,1,0.7346699,1,1,0.038322628,1,0,flat,383.22627544403076,-0.0459897500006017,-0.0,-8943.114794908734,0,0
MET,2026-04-01,2026-04-29,0.0261273493094639,1,0.7454127,1,1,0.02835413,1,0,flat,283.5413068532944,0.0261273493094639,0.0,-8943.114794908734,0,0
MGM,2026-04-01,2026-04-29,0.001037643405746,0,0.75573236,1,1,0.028631553,1,0,flat,286.31553053855896,0.001037643405746,0.0,-8943.114794908734,0,0
MKC,2026-04-01,2026-04-29,-0.0177956348763489,1,0.80597275,1,1,0.011624411,1,0,flat,116.2441074848175,-0.0177956348763489,-0.0,-8943.114794908734,0,0
MMM,2026-04-01,2026-04-29,-0.0128288110990307,1,0.68006796,1,1,0.025631618,1,0,flat,256.316177546978,-0.0128288110990307,-0.0,-8943.114794908734,0,0
MNST,2026-04-01,2026-04-29,0.0126497447240628,1,0.7399309,1,1,0.06352095,1,1,long,635.2095305919647,0.0126497447240628,126.497447240628,-8816.617347668105,1,1
MPC,2026-04-01,2026-04-29,0.0891639919058374,1,0.7644684,1,1,0.081341475,1,1,long,813.4147524833679,0.0891639919058374,891.6399190583741,-7924.977428609731,1,1
MPWR,2026-04-01,2026-04-29,0.0034267625414213,0,0.66926974,1,1,0.0846994,1,1,long,846.9939976930618,0.0034267625414213,34.267625414213,-7890.709803195517,1,1
MRK,2026-04-01,2026-04-29,-0.0169117433937791,1,0.6981161,1,1,0.09447463,1,1,long,944.7462856769562,-0.0169117433937791,-169.117433937791,-8059.827237133309,1,0
MRSH,2026-04-01,2026-04-29,-0.0263365276231212,1,0.745027,1,1,0.026232962,1,0,flat,262.3296156525612,-0.0263365276231212,-0.0,-8059.827237133309,0,0
MS,2026-04-01,2026-04-29,-0.0205067580539021,1,0.7297118,1,1,0.042799138,1,0,flat,427.9913753271103,-0.0205067580539021,-0.0,-8059.827237133309,0,0
MSI,2026-04-01,2026-04-29,-0.0278706556688558,1,0.6530904,1,1,0.03652069,1,0,flat,365.20689725875854,-0.0278706556688558,-0.0,-8059.827237133309,0,0
MTD,2026-04-01,2026-04-29,-0.0530979879063836,1,0.6081545,1,1,0.109810926,1,1,long,1098.1092602014542,-0.0530979879063836,-530.9798790638359,-8590.807116197144,1,0
MU,2026-04-01,2026-04-29,0.0638244948405036,1,0.70195997,1,1,0.07607755,1,1,long,760.7755064964294,0.0638244948405036,638.2449484050361,-7952.562167792108,1,1
NDAQ,2026-04-01,2026-04-29,0.0570057378858864,1,0.76473707,1,1,0.023626395,1,0,flat,236.2639456987381,0.0570057378858864,0.0,-7952.562167792108,0,0
NDSN,2026-04-01,2026-04-29,0.0034579189664555,0,0.67218906,1,1,0.046411008,1,1,long,464.1100764274597,0.0034579189664555,34.579189664555,-7917.982978127553,1,1
NEE,2026-04-01,2026-04-29,0.0466064615414866,1,0.7538892,1,1,0.02485507,1,0,flat,248.55069816112518,0.0466064615414866,0.0,-7917.982978127553,0,0
NFLX,2026-04-01,2026-04-29,-0.0117388113657973,1,0.74837184,1,1,0.0706512,1,1,long,706.5120339393616,-0.0117388113657973,-117.38811365797301,-8035.371091785526,1,0
NI,2026-04-01,2026-04-29,0.0286616624138696,1,0.6836546,1,1,-0.005976308,0,0,flat,-59.76308137178421,0.0286616624138696,0.0,-8035.371091785526,0,0
NOW,2026-04-01,2026-04-29,-0.1373032592003676,1,0.80537444,1,1,0.009398669,1,0,flat,93.98669004440308,-0.1373032592003676,-0.0,-8035.371091785526,0,0
NSC,2026-04-01,2026-04-29,0.0464971594324518,1,0.72529763,1,1,0.05632833,1,1,long,563.2833018898964,0.0464971594324518,464.971594324518,-7570.399497461008,1,1
NWSA,2026-04-01,2026-04-29,-0.0151114613260018,1,0.71958154,1,1,-0.026127823,0,0,flat,-261.2782269716263,-0.0151114613260018,-0.0,-7570.399497461008,0,0
NXPI,2026-04-01,2026-04-29,0.2815577554192076,1,0.7255959,1,1,0.078448534,1,1,long,784.4853401184082,0.2815577554192076,2815.5775541920757,-4754.821943268932,1,1
O,2026-04-01,2026-04-29,-0.0005162299902126,0,0.65476555,1,1,-0.018976003,0,0,flat,-189.7600293159485,-0.0005162299902126,-0.0,-4754.821943268932,0,0
ODFL,2026-04-01,2026-04-29,-0.0480493799970244,1,0.7579798,1,1,0.06155487,1,1,long,615.5487149953842,-0.0480493799970244,-480.49379997024397,-5235.315743239176,1,0
ORLY,2026-04-01,2026-04-29,-0.0234704180035965,1,0.67397577,1,1,-0.032170843,0,0,flat,-321.70843333005905,-0.0234704180035965,-0.0,-5235.315743239176,0,0
OTIS,2026-04-01,2026-04-29,-0.0161623782115403,1,0.61727196,1,1,-0.02526578,0,0,flat,-252.65779346227646,-0.0161623782115403,-0.0,-5235.315743239176,0,0
PCAR,2026-04-01,2026-04-29,-0.0566438901989674,1,0.76220715,1,1,-0.006522253,0,0,flat,-65.22253155708313,-0.0566438901989674,-0.0,-5235.315743239176,0,0
PCG,2026-04-01,2026-04-29,-0.0299400236558649,1,0.72134227,1,1,-0.014612071,0,0,flat,-146.12071216106415,-0.0299400236558649,-0.0,-5235.315743239176,0,0
PEP,2026-04-01,2026-04-29,0.0100267090284255,1,0.6517965,1,1,0.033556506,1,0,flat,335.565060377121,0.0100267090284255,0.0,-5235.315743239176,0,0
PGR,2026-04-01,2026-04-29,-0.0098398354330833,0,0.74787307,1,1,0.035846017,1,0,flat,358.4601730108261,-0.0098398354330833,-0.0,-5235.315743239176,0,0
PHM,2026-04-01,2026-04-29,-0.0534270600170762,1,0.7681328,1,1,0.017742094,1,0,flat,177.420936524868,-0.0534270600170762,-0.0,-5235.315743239176,0,0
PM,2026-04-01,2026-04-29,-0.0072900735111808,0,0.78922874,1,1,0.12463962,1,1,long,1246.396228671074,-0.0072900735111808,-72.900735111808,-5308.216478350984,1,0
PNC,2026-04-01,2026-04-29,-0.0279415093762801,1,0.67167044,1,1,0.032257088,1,0,flat,322.57087528705597,-0.0279415093762801,-0.0,-5308.216478350984,0,0
PNR,2026-04-01,2026-04-29,-0.0974947340964867,1,0.7547859,1,1,0.0021481663,1,0,flat,21.48166298866272,-0.0974947340964867,-0.0,-5308.216478350984,0,0
PPG,2026-04-01,2026-04-29,-0.0622324110598524,1,0.81668955,1,1,0.048460796,1,1,long,484.6079647541046,-0.0622324110598524,-622.324110598524,-5930.540588949509,1,0
PPL,2026-04-01,2026-04-29,0.0235659250632317,1,0.61774373,1,1,-0.023426414,0,0,flat,-234.26413536071777,0.0235659250632317,0.0,-5930.540588949509,0,0
PRU,2026-04-01,2026-04-29,0.0168255968408305,1,0.75860935,1,1,0.0280561,1,0,flat,280.5610001087189,0.0168255968408305,0.0,-5930.540588949509,0,0
PSKY,2026-04-01,2026-04-29,-0.1234556662389618,1,0.8090265,1,1,0.02554696,1,0,flat,255.46960532665253,-0.1234556662389618,-0.0,-5930.540588949509,0,0
PSX,2026-04-01,2026-04-29,0.0801985272304882,1,0.76338375,1,1,0.054105636,1,1,long,541.0563573241234,0.0801985272304882,801.9852723048821,-5128.555316644626,1,1
PTC,2026-04-01,2026-04-29,-0.0217752580537848,1,0.7226322,1,1,0.04554294,1,1,long,455.42940497398376,-0.0217752580537848,-217.75258053784802,-5346.307897182474,1,0
PWR,2026-04-01,2026-04-29,0.0244185191773355,1,0.6741065,1,1,0.065924376,1,1,long,659.2437624931335,0.0244185191773355,244.185191773355,-5102.12270540912,1,1
QCOM,2026-04-01,2026-04-29,0.1467418161729062,1,0.7215621,1,1,0.07813588,1,1,long,781.3587784767151,0.1467418161729062,1467.418161729062,-3634.7045436800577,1,1
RCL,2026-04-01,2026-04-29,-0.0435079819251729,1,0.7887321,1,1,0.05281677,1,1,long,528.1677097082138,-0.0435079819251729,-435.07981925172896,-4069.7843629317867,1,0
REGN,2026-04-01,2026-04-29,-0.0803880402809371,1,0.72879344,1,1,0.079763666,1,1,long,797.6366579532623,-0.0803880402809371,-803.880402809371,-4873.664765741158,1,0
RMD,2026-04-01,2026-04-29,-0.0452591920883441,1,0.638588,1,1,-0.008144939,0,0,flat,-81.44939318299294,-0.0452591920883441,-0.0,-4873.664765741158,0,0
ROL,2026-04-01,2026-04-29,0.0004539536198294,0,0.69335574,1,1,0.021833487,1,0,flat,218.3348685503006,0.0004539536198294,0.0,-4873.664765741158,0,0
ROP,2026-04-01,2026-04-29,-0.0237446440653279,1,0.69587445,1,1,0.03026677,1,0,flat,302.66769230365753,-0.0237446440653279,-0.0,-4873.664765741158,0,0
ROST,2026-04-01,2026-04-29,-0.0052936736047085,0,0.6885033,1,1,0.063172586,1,1,long,631.725862622261,-0.0052936736047085,-52.936736047085,-4926.601501788243,1,0
RTX,2026-04-01,2026-04-29,-0.0446111044543979,1,0.6695507,1,1,0.11128302,1,1,long,1112.8301918506622,-0.0446111044543979,-446.111044543979,-5372.712546332222,1,0
SBUX,2026-04-01,2026-04-29,0.0603616087486088,1,0.69582295,1,1,0.06065144,1,1,long,606.5144017338753,0.0603616087486088,603.616087486088,-4769.096458846134,1,1
SHW,2026-04-01,2026-04-29,-0.0513454941680356,1,0.726587,1,1,0.052250553,1,1,long,522.5055292248726,-0.0513454941680356,-513.454941680356,-5282.5514005264895,1,0
SMCI,2026-04-01,2026-04-29,-0.0977392085557927,1,0.7795354,1,1,0.030884713,1,0,flat,308.8471293449402,-0.0977392085557927,-0.0,-5282.5514005264895,0,0
SNDK,2026-04-01,2026-04-29,0.0872331748806048,1,0.71554935,1,1,0.03752437,1,0,flat,375.2436861395836,0.0872331748806048,0.0,-5282.5514005264895,0,0
SO,2026-04-01,2026-04-29,0.0181244530118792,1,0.6511593,1,1,0.011346638,1,0,flat,113.46638202667236,0.0181244530118792,0.0,-5282.5514005264895,0,0
SPG,2026-04-01,2026-04-29,-0.0076106098543362,0,0.68562037,1,1,-0.015468076,0,0,flat,-154.6807587146759,-0.0076106098543362,-0.0,-5282.5514005264895,0,0
SPGI,2026-04-01,2026-04-29,-0.0350673297870341,1,0.64045155,1,1,0.026747458,1,0,flat,267.47457683086395,-0.0350673297870341,-0.0,-5282.5514005264895,0,0
SRE,2026-04-01,2026-04-29,0.0030876337660293,0,0.66778773,1,1,0.027322683,1,0,flat,273.226834833622,0.0030876337660293,0.0,-5282.5514005264895,0,0
STE,2026-04-01,2026-04-29,-0.0484855587000877,1,0.7172098,1,1,0.0126056895,1,0,flat,126.05689465999603,-0.0484855587000877,-0.0,-5282.5514005264895,0,0
STZ,2026-04-01,2026-04-29,-0.0346353159257368,1,0.7917105,1,1,0.01365871,1,0,flat,136.58709824085236,-0.0346353159257368,-0.0,-5282.5514005264895,0,0
SW,2026-04-01,2026-04-29,2.123820099697582e-05,0,0.8219352,1,1,0.023115762,1,0,flat,231.15761578083038,2.123820099697582e-05,0.0,-5282.5514005264895,0,0
SWK,2026-04-01,2026-04-29,0.0027830884351865,0,0.7838156,1,1,0.04885494,1,1,long,488.5493963956833,0.0027830884351865,27.830884351865002,-5254.720516174624,1,1
SWKS,2026-04-01,2026-04-29,0.0146814273787331,1,0.7545185,1,1,0.048115097,1,1,long,481.1509698629379,0.0146814273787331,146.81427378733102,-5107.906242387293,1,1
SYF,2026-04-01,2026-04-29,-0.0450947455129118,1,0.7367952,1,1,-0.013130564,0,0,flat,-131.30564242601395,-0.0450947455129118,-0.0,-5107.906242387293,0,0
SYY,2026-04-01,2026-04-29,-0.0203808642073688,1,0.76519704,1,1,0.023382694,1,0,flat,233.82693529129028,-0.0203808642073688,-0.0,-5107.906242387293,0,0
T,2026-04-01,2026-04-29,-0.0085797978012551,0,0.6322564,1,1,0.039001007,1,0,flat,390.0100663304329,-0.0085797978012551,-0.0,-5107.906242387293,0,0
TDG,2026-04-01,2026-04-29,-0.0376220396308611,1,0.6227852,1,1,0.08652021,1,1,long,865.2020990848541,-0.0376220396308611,-376.22039630861104,-5484.126638695904,1,0
TECH,2026-04-01,2026-04-29,-0.1129054253778133,1,0.79283994,1,1,0.05236654,1,1,long,523.6653983592987,-0.1129054253778133,-1129.054253778133,-6613.180892474037,1,0
TEL,2026-04-01,2026-04-29,-0.0711618576254861,1,0.8081823,1,1,0.03040798,1,0,flat,304.0798008441925,-0.0711618576254861,-0.0,-6613.180892474037,0,0
TER,2026-04-01,2026-04-29,-0.2044363576590923,1,0.7861266,1,1,0.029225837,1,0,flat,292.2583743929863,-0.2044363576590923,-0.0,-6613.180892474037,0,0
TFC,2026-04-01,2026-04-29,-0.005614961997693,0,0.7117427,1,1,-0.02217973,0,0,flat,-221.79730236530304,-0.005614961997693,-0.0,-6613.180892474037,0,0
TKO,2026-04-01,2026-04-29,-0.0134173264181935,1,0.6973886,1,1,0.03249123,1,0,flat,324.91229474544525,-0.0134173264181935,-0.0,-6613.180892474037,0,0
TMO,2026-04-01,2026-04-29,-0.092570877511009,1,0.7308031,1,1,0.073318556,1,1,long,733.1855595111847,-0.092570877511009,-925.70877511009,-7538.889667584127,1,0
TMUS,2026-04-01,2026-04-29,0.0492356728473671,1,0.6953781,1,1,0.12728652,1,1,long,1272.8652358055115,0.0492356728473671,492.356728473671,-7046.532939110456,1,1
TPR,2026-04-01,2026-04-29,-0.030991763006468,1,0.73591983,1,1,0.05779527,1,1,long,577.9527127742767,-0.030991763006468,-309.91763006468,-7356.4505691751365,1,0
TRGP,2026-04-01,2026-04-29,0.0569199778698562,1,0.71169865,1,1,0.04127044,1,0,flat,412.70438581705093,0.0569199778698562,0.0,-7356.4505691751365,0,0
TRMB,2026-04-01,2026-04-29,-0.0403984060500285,1,0.7593562,1,1,0.0082345605,1,0,flat,82.34560489654541,-0.0403984060500285,-0.0,-7356.4505691751365,0,0
TROW,2026-04-01,2026-04-29,0.0025676753073476,0,0.71818805,1,1,-0.010133758,0,0,flat,-101.33758187294006,0.0025676753073476,0.0,-7356.4505691751365,0,0
TT,2026-04-01,2026-04-29,0.0048415440866992,0,0.67516243,1,1,0.045513187,1,1,long,455.1318660378456,0.0048415440866992,48.41544086699199,-7308.0351283081445,1,1
TTWO,2026-04-01,2026-04-29,-0.0127888894486548,1,0.7491126,1,1,0.07001337,1,1,long,700.133666396141,-0.0127888894486548,-127.888894486548,-7435.924022794692,1,0
TXT,2026-04-01,2026-04-29,0.003850162840027,0,0.741181,1,1,0.03989128,1,0,flat,398.91280233860016,0.003850162840027,0.0,-7435.924022794692,0,0
UBER,2026-04-01,2026-04-29,-0.0144132841467139,1,0.73765147,1,1,0.0056969076,1,0,flat,56.96907639503479,-0.0144132841467139,-0.0,-7435.924022794692,0,0
UDR,2026-04-01,2026-04-29,0.048085423433826,1,0.7563737,1,1,0.02934967,1,0,flat,293.496698141098,0.048085423433826,0.0,-7435.924022794692,0,0
ULTA,2026-04-01,2026-04-29,-0.059452684079212,1,0.61517215,1,1,0.074189655,1,1,long,741.8965548276901,-0.059452684079212,-594.52684079212,-8030.450863586812,1,0
UNP,2026-04-01,2026-04-29,0.0619411728483306,1,0.7241294,1,1,0.05191745,1,1,long,519.1744863986969,0.0619411728483306,619.411728483306,-7411.039135103507,1,1
URI,2026-04-01,2026-04-29,0.186299420608114,1,0.7059651,1,1,0.07815133,1,1,long,781.5133035182953,0.186299420608114,1862.99420608114,-5548.044929022367,1,1
USB,2026-04-01,2026-04-29,-0.0073240301882815,0,0.68286866,1,1,0.012592226,1,0,flat,125.92226266860962,-0.0073240301882815,-0.0,-5548.044929022367,0,0
VICI,2026-04-01,2026-04-29,0.014457531805278,1,0.645771,1,1,0.0135605335,1,0,flat,135.6053352355957,0.014457531805278,0.0,-5548.044929022367,0,0
VLTO,2026-04-01,2026-04-29,0.0055540611453753,0,0.7249252,1,1,0.03362896,1,0,flat,336.28959208726883,0.0055540611453753,0.0,-5548.044929022367,0,0
VMC,2026-04-01,2026-04-29,0.0208515550960498,1,0.7575551,1,1,0.040173158,1,0,flat,401.73158049583435,0.0208515550960498,0.0,-5548.044929022367,0,0
VRSK,2026-04-01,2026-04-29,0.0522604205275377,1,0.7543751,1,1,0.12554951,1,1,long,1255.4951012134552,0.0522604205275377,522.604205275377,-5025.4407237469895,1,1
VRT,2026-04-01,2026-04-29,0.0036813479941798,0,0.7493183,1,1,0.060295075,1,1,long,602.9507517814636,0.0036813479941798,36.813479941798,-4988.627243805192,1,1
VRTX,2026-04-01,2026-04-29,-0.0326969493530839,1,0.6737141,1,1,0.04860535,1,1,long,486.0534891486168,-0.0326969493530839,-326.969493530839,-5315.596737336031,1,0
VST,2026-04-01,2026-04-29,-0.0125646464669579,1,0.73740613,1,1,0.058697127,1,1,long,586.9712680578232,-0.0125646464669579,-125.646464669579,-5441.243202005609,1,0
VTRS,2026-04-01,2026-04-29,0.0312648699773273,1,0.76484686,1,1,0.054415107,1,1,long,544.1510677337646,0.0312648699773273,312.64869977327305,-5128.594502232337,1,1
VZ,2026-04-01,2026-04-29,0.0139747813150005,1,0.69802207,1,1,0.006254658,1,0,flat,62.54658102989197,0.0139747813150005,0.0,-5128.594502232337,0,0
WAB,2026-04-01,2026-04-29,-0.0003003980313217,0,0.7257755,1,1,0.010918874,1,0,flat,109.1887429356575,-0.0003003980313217,-0.0,-5128.594502232337,0,0
WAT,2026-04-01,2026-04-29,-0.126080100394222,1,0.76287,1,1,0.081912905,1,1,long,819.1290497779846,-0.126080100394222,-1260.80100394222,-6389.395506174556,1,0
WBD,2026-04-01,2026-04-29,-0.0099720284474222,0,0.6795139,1,1,-0.0070147663,0,0,flat,-70.14766335487366,-0.0099720284474222,-0.0,-6389.395506174556,0,0
WDAY,2026-04-01,2026-04-29,-0.032665226006078,1,0.82341146,1,1,0.030363783,1,0,flat,303.637832403183,-0.032665226006078,-0.0,-6389.395506174556,0,0
WDC,2026-04-01,2026-04-29,0.061080147501992,1,0.69915986,1,1,0.056069106,1,1,long,560.6910586357117,0.061080147501992,610.80147501992,-5778.5940311546365,1,1
WELL,2026-04-01,2026-04-29,0.0623162110418825,1,0.72633696,1,1,0.041313935,1,0,flat,413.13935071229935,0.0623162110418825,0.0,-5778.5940311546365,0,0
WM,2026-04-01,2026-04-29,0.0287642175992791,1,0.6992367,1,1,0.055789117,1,1,long,557.8911677002907,0.0287642175992791,287.642175992791,-5490.951855161846,1,1
WMT,2026-04-01,2026-04-29,-0.0148830392099685,1,0.65481627,1,1,0.053972937,1,1,long,539.7293716669083,-0.0148830392099685,-148.83039209968499,-5639.782247261531,1,0
WSM,2026-04-01,2026-04-29,-0.0813833021466888,1,0.7622804,1,1,0.026382461,1,0,flat,263.82461190223694,-0.0813833021466888,-0.0,-5639.782247261531,0,0
WTW,2026-04-01,2026-04-29,-0.0041537854616942,0,0.64363444,1,1,0.067566775,1,1,long,675.6677478551865,-0.0041537854616942,-41.537854616942006,-5681.320101878473,1,0
WYNN,2026-04-01,2026-04-29,-0.0222324922908987,1,0.7356312,1,1,0.011648379,1,0,flat,116.48379266262054,-0.0222324922908987,-0.0,-5681.320101878473,0,0
XYL,2026-04-01,2026-04-29,-0.0496198006010191,1,0.74566966,1,1,0.003027007,1,0,flat,30.27006983757019,-0.0496198006010191,-0.0,-5681.320101878473,0,0
XYZ,2026-04-01,2026-04-29,-0.0416578985575165,1,0.78617704,1,1,0.06756449,1,1,long,675.6448745727539,-0.0416578985575165,-416.57898557516495,-6097.899087453638,1,0
YUM,2026-04-01,2026-04-29,0.0051769508370546,0,0.73010045,1,1,0.025849767,1,0,flat,258.4976702928543,0.0051769508370546,0.0,-6097.899087453638,0,0
ZBRA,2026-04-01,2026-04-29,-0.0670570652349028,1,0.74998736,1,1,0.04007467,1,0,flat,400.746688246727,-0.0670570652349028,-0.0,-6097.899087453638,0,0
